"Transaction Hash","Blockno","UnixTimestamp","DateTime (UTC)","From","To","ContractAddress","Value_IN(ETH)","Value_OUT(ETH)","CurrentValue @ $2451.29359528061/Eth","TxnFee(ETH)","TxnFee(USD)","Historical $Price/Eth","Status","ErrCode","Method"
"0x3e2d363e1cf3f5f57b4075d93c7ca2acc45b845f2a4c1a54d2f169446d32dcbc","14252529","1645488056","2022-02-22 00:00:56","0xd2b277e1b539b88af618e075341e6602e4c86772","0xa040f0bc08f27db307926551de47c79ebeb1820b","","0","0","0","0.003520017417531208","8.62859615087044","2638.81","","","Set Approval For All"
"0x48ac3aea71851178b7480245200f0189e119337b79bfdf6e215fb366d2d4c9a8","14252554","1645488377","2022-02-22 00:06:17","0x5a77ab0bde60b65b285dcbdfcfe57516e9a50137","0xa040f0bc08f27db307926551de47c79ebeb1820b","","0.2","0","490.258719056122","0.01212611293102377","29.724662963468","2638.81","","","Buy"
"0x38a27410a460c54002fa8846f13119e7f86d3cfb9b493033974e17f8fc692654","14253796","1645504893","2022-02-22 04:41:33","0x8cde0aecebd71fe70e92c0039ff38a2d241a2f14","0xa040f0bc08f27db307926551de47c79ebeb1820b","","0.6","0","1470.77615716837","0.013794309824337582","33.8139033237151","2638.81","","","Buy"
"0x23c91766eb4ab9d875cabf8a355d8aa9e56894ea302b9bffd34e628368a41076","14253812","1645505090","2022-02-22 04:44:50","0x8cde0aecebd71fe70e92c0039ff38a2d241a2f14","0xa040f0bc08f27db307926551de47c79ebeb1820b","","0.1","0","245.129359528061","0.013557364783915486","33.2330814636949","2638.81","","","Buy"
"0x714d271f1f17b19d831a0d6ff67a8b7d60b27aa34a9d56a9bea5992c74a3d4f6","14253833","1645505379","2022-02-22 04:49:39","0x862b9c8fa7d2e22b703cd8f9aa5d7f670f0c351e","0xa040f0bc08f27db307926551de47c79ebeb1820b","","0.1","0","245.129359528061","0.012298086541857372","30.1462207742616","2638.81","","","Buy"
"0x77868e25ad65848428267872a2b977f816736c6cb7b10050064d5c2ba8cd0790","14253889","1645505956","2022-02-22 04:59:16","0xa337e1292bd2715a48076d16668abff66de4f0cd","0xa040f0bc08f27db307926551de47c79ebeb1820b","","0.1","0","245.129359528061","0.010222053032373084","25.0572531288749","2638.81","","","Buy"
"0x02c31f5616a769dc7776b239f6a64cc8e2202eabf82f50eef73aa4947fd615d8","14253962","1645507004","2022-02-22 05:16:44","0x8cde0aecebd71fe70e92c0039ff38a2d241a2f14","0xa040f0bc08f27db307926551de47c79ebeb1820b","","0","0","0","0.003358777956235196","8.23335089208903","2638.81","","","Set Approval For All"
"0xfd4f0f06800f51e12d8fbb5b92978de40ca4be482489ad6332bfc7ca0eb8b4d2","14258382","1645566653","2022-02-22 21:50:53","0x285a9b06fedd731c3addb3cc6a693f3287581dbd","0xa040f0bc08f27db307926551de47c79ebeb1820b","","0.2","0","490.258719056122","0.014662899869679552","35.9430725387864","2638.81","","","Buy"
"0xf9653aa125d5ee58dc0fa190f6b7e7f9556c9446143c3d74985f2788f2db29c6","14259237","1645577674","2022-02-23 00:54:34","0xd245a2f1651993b15b97f63f0df4c3071f225121","0xa040f0bc08f27db307926551de47c79ebeb1820b","","0.1","0","245.129359528061","0.016579837472759694","40.6420494077693","2580.97","","","Buy"
"0x4133223a9da9e0f36b3c21e89a76d8515b7ea332fb9c089f61faa4c5e70bb867","14259766","1645584598","2022-02-23 02:49:58","0x5eeee71a6a19183933f894223ac12549028ffa1f","0xa040f0bc08f27db307926551de47c79ebeb1820b","","0.1","0","245.129359528061","0.014197306240241112","34.8017658569405","2580.97","","","Buy"
"0x97d0e64553d7457190544d53567c0b1e5b0be6930a2ff243f4d144d329d1335b","14259883","1645586091","2022-02-23 03:14:51","0x0c20cc74bc3b6e6e4d5e14ed2f44e5603a95ab3a","0xa040f0bc08f27db307926551de47c79ebeb1820b","","0.1","0","245.129359528061","0.010020903075800832","24.5641755286383","2580.97","","","Buy"
"0xc07ae85503183f652b65179fed92fd271bb99accb22bc4a7ace57af5c0138cb1","14260140","1645589680","2022-02-23 04:14:40","0x83a74cb588459ccebaaea3ba3e00c648db2c9012","0xa040f0bc08f27db307926551de47c79ebeb1820b","","0.1","0","245.129359528061","0.010398727988095536","25.4903353162838","2580.97","","","Buy"
"0x7808b3399140257b84bc5b67734d4f393ded5184e2c542c312cb41aa920b3935","14260673","1645596938","2022-02-23 06:15:38","0x9b5e42c4a8bcd5f77876d1368f10460af3d21f51","0xa040f0bc08f27db307926551de47c79ebeb1820b","","0.2","0","490.258719056122","0.010445879180523018","25.6059167322911","2580.97","","","Buy"
"0xf0acba4b755068b81310fd588082d418beb6d679cdccd7aeb19a3a92fb596a22","14260768","1645598231","2022-02-23 06:37:11","0x4c82bd036107fe18a145486af4e5f4e887260a85","0xa040f0bc08f27db307926551de47c79ebeb1820b","","0.1","0","245.129359528061","0.011929642485913572","29.2430562197074","2580.97","","","Buy"
"0x43857efe8df15d0f4e3461c4d16cc97c7ee583790acbdb86c6a1d6fd3c3ca5bd","14262103","1645616240","2022-02-23 11:37:20","0xd5f086ce718af7b4fa47f282f5e1ea0a1b910c35","0xa040f0bc08f27db307926551de47c79ebeb1820b","","0.1","0","245.129359528061","0.006492422632099098","15.9148340159194","2580.97","","","Buy"
"0xedcf6816f5d2fcba7fe028741ace75de008eff1b196f969f600da63ef863e8ba","14301249","1646139269","2022-03-01 12:54:29","0xd5f086ce718af7b4fa47f282f5e1ea0a1b910c35","0xa040f0bc08f27db307926551de47c79ebeb1820b","","0.1","0","245.129359528061","0.007758903665787764","19.0193508623448","2976.59","","","Buy"
"0x26b69e7ef05081d6f2af798d5db1376c01296727901b68cbfb841896e0762dfb","14338810","1646643947","2022-03-07 09:05:47","0xb810ac7be30336f5c2e73d3a7b90a9763722e261","0xa040f0bc08f27db307926551de47c79ebeb1820b","","0","0","0","0.000815456020813075","1.9989221210521","2496.67","","","Set Treasury"
"0x9c6a72df3e652d95f1d67599fee90130df8a3cc434f1dfd71463f60ba25c4155","14340736","1646669832","2022-03-07 16:17:12","0x3606f528f79be8c8a5946150ad1e51b534474552","0xa040f0bc08f27db307926551de47c79ebeb1820b","","0.1","0","245.129359528061","0.004868048387273012","11.9330158332384","2496.67","","","Buy"
"0xc5301dd859b4a9873b247f908c5d98d813dfcbb7a43b71442457323667e69f81","14341501","1646679938","2022-03-07 19:05:38","0x757cead28c78b709e757e00cfa683829b5e19899","0xa040f0bc08f27db307926551de47c79ebeb1820b","","0.1","0","245.129359528061","0.00708111292957086","17.3578867717158","2496.67","","","Buy"
"0xa7d79c3da722ee75226ea4b76a54098e57db6ede0ad42487e40dde4294e7f495","14341619","1646681328","2022-03-07 19:28:48","0x9e25f2b316f2db1f5c9645e13e31af9367f3040e","0xa040f0bc08f27db307926551de47c79ebeb1820b","","0.1","0","245.129359528061","0.005110605258222612","12.5275939374885","2496.67","","","Buy"
"0x23cb7423182f63b6cf9a883c10511189b77d9d1cae6698781ce660c5fbdd7396","14341621","1646681362","2022-03-07 19:29:22","0x9e25f2b316f2db1f5c9645e13e31af9367f3040e","0xa040f0bc08f27db307926551de47c79ebeb1820b","","0.1","0","245.129359528061","0.006083742172299906","14.9130382222973","2496.67","","","Buy"
"0xffe64d5a2af9bed9157252ff801a99d33a67e6d0492c626583da6c334461d352","14341697","1646682474","2022-03-07 19:47:54","0x5c7f4d59623719912aba95f11fdcf808e08421ab","0xa040f0bc08f27db307926551de47c79ebeb1820b","","0.1","0","245.129359528061","0.01021436613510861","25.0384102868429","2496.67","","","Buy"
"0x0ffb0e1f3a70a8e96e71d2f91e4734457a33f4ff06b7136279b7bcb221549077","14341909","1646685708","2022-03-07 20:41:48","0x16a6ee0469c3ceeccd0b9da048c7eab090db5eb4","0xa040f0bc08f27db307926551de47c79ebeb1820b","","0.1","0","245.129359528061","0.012680670159425682","31.0840455456661","2496.67","","","Buy"
"0x08b69166b02810d7ec77dd5588c94bae8faa123b788d8b56e67373d0e48c9ca4","14342200","1646689404","2022-03-07 21:43:24","0xc990ed6d3b491eb488d5c06e339142ca4c44526c","0xa040f0bc08f27db307926551de47c79ebeb1820b","","0.1","0","245.129359528061","0.010673711745809904","26.1644012403752","2496.67","","","Buy"
"0x002c0f2c8e2d17146af86e237df69f8650109b9660a5a4addc5a10eb7e3faa88","14342302","1646690743","2022-03-07 22:05:43","0xc990ed6d3b491eb488d5c06e339142ca4c44526c","0xa040f0bc08f27db307926551de47c79ebeb1820b","","0","0","0","0.00149642722872151","3.66818248156855","2496.67","","","Transfer From"
"0x98c33c7e14d6776169101894961b1ca628fabc1106061c5321ead0cf90314e47","14342406","1646692120","2022-03-07 22:28:40","0xc990ed6d3b491eb488d5c06e339142ca4c44526c","0xa040f0bc08f27db307926551de47c79ebeb1820b","","0","0","0","0.001620936366298836","3.97339093306576","2496.67","","","Transfer From"
"0x101a69b21d2321788a3583ddb71a036aa3ab37f7413804b34fbf9969fccae547","14342694","1646695683","2022-03-07 23:28:03","0x640c6bc81fcb7b29b7a262f0c321e55dda0e938a","0xa040f0bc08f27db307926551de47c79ebeb1820b","","0.1","0","245.129359528061","0.006798326407612248","16.6646939816069","2496.67","","","Buy"
"0x747082fc25195e7c9c7cc1760a446a019d06ae3ad59a5d689afefd7455ff22fd","14342785","1646696828","2022-03-07 23:47:08","0x21218b3064144dd113ee657f0c6155a0bfb96049","0xa040f0bc08f27db307926551de47c79ebeb1820b","","0.5","0","1225.64679764031","0.012071582289193062","29.5909923504018","2496.67","","","Buy"
"0x227a9f740543263746ff023c34dcc1049ee736ea7d48e83568a5bf2c0cb95978","14342785","1646696828","2022-03-07 23:47:08","0x21218b3064144dd113ee657f0c6155a0bfb96049","0xa040f0bc08f27db307926551de47c79ebeb1820b","","0.1","0","245.129359528061","0.012272194983480662","30.082752963041","2496.67","","","Buy"
"0x649105797ba68aa3eb40ce5d6963a8b6b3aa21de13bab8e52504b709ec88f875","14342839","1646697511","2022-03-07 23:58:31","0xc990ed6d3b491eb488d5c06e339142ca4c44526c","0xa040f0bc08f27db307926551de47c79ebeb1820b","","0","0","0","0.002145861138758842","5.26013566580111","2496.67","","","Transfer From"
"0xd6b9d0c03dbebfc6492cacb089be5240babb3ffffebed77d732ae32afa454a8a","14343080","1646700806","2022-03-08 00:53:26","0x615062df84b6c8cf486bffd50669511cd8529a78","0xa040f0bc08f27db307926551de47c79ebeb1820b","","0.2","0","490.258719056122","0.008610704988019794","21.1073659879837","2579.18","","","Buy"
"0xff23225f1917f719655c942668b43d2deb88e07bbd6909a008785eaf77f36ade","14343206","1646702804","2022-03-08 01:26:44","0x178292bf3de6cee84be3e63e69858159641778b6","0xa040f0bc08f27db307926551de47c79ebeb1820b","","0.1","0","245.129359528061","0.011573522329173042","28.370101160339","2579.18","","","Buy"
"0x69892f56b3e0e24c29a5b8ca5cc9a4b4dfbcd33c5b6a103c43a21ae913fc0eb7","14343655","1646708626","2022-03-08 03:03:46","0xfab7da76852c4c64f4bb28df7a03a9e86c044625","0xa040f0bc08f27db307926551de47c79ebeb1820b","","0.1","0","245.129359528061","0.005943816271931946","14.5700387589115","2579.18","","","Buy"
"0xe15741a39dc7bf6ae3831693a3618d091cffadede4e35f58432d6c629d8f0740","14347414","1646759529","2022-03-08 17:12:09","0xec410263ba8a9c961f6cadcf860eac50033e977a","0xa040f0bc08f27db307926551de47c79ebeb1820b","","0.2","0","490.258719056122","0.008384031745245372","20.5517233197493","2579.18","","","Buy"
"0xd40eae5f062a979c703f55106227709155aeb3adf540c32bb66560816a3da84e","14347422","1646759634","2022-03-08 17:13:54","0xec410263ba8a9c961f6cadcf860eac50033e977a","0xa040f0bc08f27db307926551de47c79ebeb1820b","","0.1","0","245.129359528061","0.010187105459014026","24.9715863661292","2579.18","","","Buy"
"0xf8d542b36501a790f1672d5a661107d48403c5e7cc0057e4046aba12144fdffb","14347436","1646759781","2022-03-08 17:16:21","0xec410263ba8a9c961f6cadcf860eac50033e977a","0xa040f0bc08f27db307926551de47c79ebeb1820b","","0.1","0","245.129359528061","0.009675374597328636","23.7171837823724","2579.18","","","Buy"
"0xc92dc27dda4caecfc7a92698a3fcc4e823618ce173e9969ffc7dd7c30c206d6d","14347492","1646760507","2022-03-08 17:28:27","0xf7bc73b6c191312b16cf99d5f4b23629747ba282","0xa040f0bc08f27db307926551de47c79ebeb1820b","","0.3","0","735.388078584183","0.010309001244431514","25.2703887242148","2579.18","","","Buy"
"0x213e93fcedd7f50b2c5dff867cd96e6055eeda09bc4e64f14192b731705f05fb","14347525","1646760910","2022-03-08 17:35:10","0xf7bc73b6c191312b16cf99d5f4b23629747ba282","0xa040f0bc08f27db307926551de47c79ebeb1820b","","0.1","0","245.129359528061","0.008079904929525184","19.8062192042213","2579.18","","","Buy"
"0x4d723440f4f2a56cfdcdd7242e967df249a982b60d75a97e8eb1b5b71254aa94","14347566","1646761559","2022-03-08 17:45:59","0xaae65644982fd4c5ac148585b70d1db5e01338ce","0xa040f0bc08f27db307926551de47c79ebeb1820b","","0.1","0","245.129359528061","0.00825085665074331","20.2252720635455","2579.18","","","Buy"
"0x2088a60746e625c1c84293e3bb848c7830dabb087ca81b82ba2be54a648e6143","14347640","1646762445","2022-03-08 18:00:45","0x04f5d1ef575bbaee66115a89cff0e207a275104c","0xa040f0bc08f27db307926551de47c79ebeb1820b","","0.1","0","245.129359528061","0.007128176748528462","17.473254009696","2579.18","","","Buy"
"0x55204ac924f2f614e63661cb05c6b8090ac2a06bae701858c847695634213b3a","14347740","1646763555","2022-03-08 18:19:15","0x423d0883220adf93e2bf3427875c07aa76dccac9","0xa040f0bc08f27db307926551de47c79ebeb1820b","","0.1","0","245.129359528061","0.004080148748976312","10.0016424961578","2579.18","","","Buy"
"0xce55fdee5055dfd22b8cc4c9efd64151c341629df20bec6c801a729b4e305bbb","14347809","1646764331","2022-03-08 18:32:11","0x9fdab4e8baeebe8add807e31c80d9351c45ea1f6","0xa040f0bc08f27db307926551de47c79ebeb1820b","","0.1","0","245.129359528061","0.004040727303509796","9.90500895936905","2579.18","","","Buy"
"0x389fab69c02e47c41ffe5ba5d18ab18cefa57a32bea137c9fe20aa68d70b44b1","14347891","1646765534","2022-03-08 18:52:14","0x20a856241cc34eb32b91436fdab1af7ea8b05ed6","0xa040f0bc08f27db307926551de47c79ebeb1820b","","0.1","0","245.129359528061","0.005597414964904452","13.7209074535981","2579.18","","","Buy"
"0x0f7624223f9dd96627cf1b8fe751dec5f492d6b183ef1c475658e04528465bfa","14347919","1646765935","2022-03-08 18:58:55","0xd1f0d9669e9cbb3e148aeb6d5635fbafa18cd841","0xa040f0bc08f27db307926551de47c79ebeb1820b","","0.1","0","245.129359528061","0.00583852366626993","14.3119356690217","2579.18","","","Buy"
"0x989914cdd94291b4f8738c4b89d883d1bfce53bc4de3bdc8f22104d3154492c4","14347971","1646766725","2022-03-08 19:12:05","0xb89c1fd3fd97a6a197574896998ac847e96bb998","0xa040f0bc08f27db307926551de47c79ebeb1820b","","0.1","0","245.129359528061","0.00718640981713608","17.6160003578074","2579.18","","","Buy"
"0xacfac60943c9a17992516c43ff572506865f95bd84b12db4d0f0e8a1e66139ae","14347982","1646766872","2022-03-08 19:14:32","0xaae65644982fd4c5ac148585b70d1db5e01338ce","0xa040f0bc08f27db307926551de47c79ebeb1820b","","0.1","0","245.129359528061","0.00651699249578924","15.97506196542","2579.18","","","Buy"
"0xc62523b6360e7cad9928e56e5cf29636a53f3bb58a08b1eb74dee25ec60b150f","14347994","1646767073","2022-03-08 19:17:53","0x99299343cf90da7810b5308f2fd6e4a89161f2ac","0xa040f0bc08f27db307926551de47c79ebeb1820b","","0.1","0","245.129359528061","0.007464967547900958","18.2988271391472","2579.18","","","Buy"
"0x08aea64b09e1bb3b49302e80325c00ec64da83b0272d8defa5a238f651aed672","14348032","1646767725","2022-03-08 19:28:45","0xb5571b983a7dccea362f1d7ba00868b7da7da9d5","0xa040f0bc08f27db307926551de47c79ebeb1820b","","0.1","0","245.129359528061","0.00749519992041822","18.3729355602689","2579.18","","","Buy"
"0xa3c4aac063f31bbd608bf858b34d7fc40f4fb82a6a1fa54e6206c9e346d7c896","14348047","1646767910","2022-03-08 19:31:50","0xd1f0d9669e9cbb3e148aeb6d5635fbafa18cd841","0xa040f0bc08f27db307926551de47c79ebeb1820b","","0.1","0","245.129359528061","0.007176478790608804","17.5916564960865","2579.18","","","Buy"
"0x9710eb8fd72e9a651476cc7a00274aa9a90ceeb4e59d1ee9d24c3a9d98e365b4","14348068","1646768153","2022-03-08 19:35:53","0xb2851739a6b1483670e604ed18a6151c996570da","0xa040f0bc08f27db307926551de47c79ebeb1820b","","0.1","0","245.129359528061","0.006375516251075022","15.6282621528676","2579.18","","","Buy"
"0x71fbe79382820578252164e000bf2f20c62bd30720b659bd683102f7160543b3","14348077","1646768261","2022-03-08 19:37:41","0x4fd8b775ee4fa09d2b21477019e0251990b902d6","0xa040f0bc08f27db307926551de47c79ebeb1820b","","0.1","0","245.129359528061","0.005673097790212182","13.9064282785477","2579.18","","","Buy"
"0xd36f2a633af542ba60ae8eeff0a7780e827f3973d13d11b9f210ba179520ff3f","14348079","1646768294","2022-03-08 19:38:14","0xd252a4871ba0d618d8adcf0d190232ad275bfaa7","0xa040f0bc08f27db307926551de47c79ebeb1820b","","0.1","0","245.129359528061","0.00559716909884469","13.7203047637005","2579.18","","","Buy"
"0xdcfb2a6c95d29c8f1f941c8efd2c444ab0d87d396251fe81582c38de6c1d7fc2","14348084","1646768332","2022-03-08 19:38:52","0xc7e4802249630ae9df668aeb069c9098debbbf1d","0xa040f0bc08f27db307926551de47c79ebeb1820b","","0.1","0","245.129359528061","0.00466917432617469","11.4455171210007","2579.18","","","Buy"
"0x371ccbb6e3faaca03e7591a0afd0e11d375672babbecdc2f54fa7cd904409cfa","14348094","1646768475","2022-03-08 19:41:15","0x39d5c20f53648ffdedfc065aea187a5d363e08ee","0xa040f0bc08f27db307926551de47c79ebeb1820b","","0.2","0","490.258719056122","0.004643928636495204","11.3836325235809","2579.18","","","Buy"
"0x31d6b72764d8004fd395feb49519d692af3f23820c11f4d50e5b4205c20fa4b6","14348094","1646768475","2022-03-08 19:41:15","0x39d5c20f53648ffdedfc065aea187a5d363e08ee","0xa040f0bc08f27db307926551de47c79ebeb1820b","","0.2","0","490.258719056122","0.004721104189254404","11.5728124617718","2579.18","","","Buy"
"0xc4b9237024d5482ad5650eba30bddeab895bc3758f0309c13473a5067ec86df7","14348109","1646768771","2022-03-08 19:46:11","0x52881c1f9a6a51feec429c89f135bc55a27d6d83","0xa040f0bc08f27db307926551de47c79ebeb1820b","","0.1","0","245.129359528061","0.006082200982028142","14.909260312455","2579.18","","","Buy"
"0x1d418d0937f4d12609ed1c7736decadede6753d5abbe5ed38f537a43e80ad13c","14348157","1646769425","2022-03-08 19:57:05","0x2329e459506bc6c2b1f41b8c274fb934a01bb835","0xa040f0bc08f27db307926551de47c79ebeb1820b","","0.1","0","245.129359528061","0.00551870065237746","13.5279555634438","2579.18","","","Buy"
"0x2ad794bdfa2943dc017f23a0a2667f79dd1019bf69f6ded68d0373e4fb2b5451","14348232","1646770258","2022-03-08 20:10:58","0x7028ab27b6856dbaaf3f3c3475b035f817183bec","0xa040f0bc08f27db307926551de47c79ebeb1820b","","0.2","0","490.258719056122","0.00534234909323253","13.0956661159941","2579.18","","","Buy"
"0x4a507dc591e2585d334033316803772c8b92c7726493f5289852bec5210fd006","14348252","1646770467","2022-03-08 20:14:27","0x2329e459506bc6c2b1f41b8c274fb934a01bb835","0xa040f0bc08f27db307926551de47c79ebeb1820b","","0.1","0","245.129359528061","0.004157463580652328","10.1911638478654","2579.18","","","Buy"
"0x1bf3a6905825356112a888acc99a24bf674389e285018fac71ba9840187076cb","14348308","1646771156","2022-03-08 20:25:56","0xb395a7987ed49c00dfbe7760959d847bc4067ef6","0xa040f0bc08f27db307926551de47c79ebeb1820b","","0.1","0","245.129359528061","0.00596681581880808","14.6264174008633","2579.18","","","Buy"
"0x4dc6a73710a2fb746acd4395bb255a8288d52112a243ab3c148d56ee75000604","14348313","1646771205","2022-03-08 20:26:45","0x49e8a708a32a0b07c8c8f2c19306d5dd32923f7d","0xa040f0bc08f27db307926551de47c79ebeb1820b","","0.1","0","245.129359528061","0.005348139954019782","13.109861215953","2579.18","","","Buy"
"0x0cafe67784bf28e5d6557c5f4a64d93178141d2c7b3f66911e3ff727b367eb28","14348324","1646771367","2022-03-08 20:29:27","0x14a0e263240b23d3cc43bc16fe1d8557c0e84804","0xa040f0bc08f27db307926551de47c79ebeb1820b","","0.1","0","245.129359528061","0.005214106320402774","12.7813054283155","2579.18","","","Buy"
"0xeec8a57c96ca6c5928c11cdedd86433093466d4c62cd66552a45409e8d39fffb","14348327","1646771396","2022-03-08 20:29:56","0x5d7a6fb8489615e8b4bd2d103eb5d2fe53188444","0xa040f0bc08f27db307926551de47c79ebeb1820b","","0.3","0","735.388078584183","0.005799188355395736","14.2155132734075","2579.18","","","Buy"
"0xbca4e833b4610aa1f5a270b15a4cada7cbd2e7e2c6e3cf36907d5085018e3b25","14348382","1646772318","2022-03-08 20:45:18","0x4b8fe87ec97cee6b2855dd3ab742d074fe98cd30","0xa040f0bc08f27db307926551de47c79ebeb1820b","","0.1","0","245.129359528061","0.009502997816876886","23.2946376844759","2579.18","","","Buy"
"0x6512c8d1e25ed43f2c4248f67cd12159b0ffdfc7ed9dc45d7399b3473ed19891","14348391","1646772423","2022-03-08 20:47:03","0x8c14436210bd7b22f1ceaab7cba89deb28cba15d","0xa040f0bc08f27db307926551de47c79ebeb1820b","","0.1","0","245.129359528061","0.007770434395072776","19.0476160651901","2579.18","","","Buy"
"0x9b0c484b3fac40759f7055db606fcee5a83c459ea9d0a5e9fc39de8dc219e22e","14348414","1646772861","2022-03-08 20:54:21","0x33efc4f4133264b6c54984777f4eaae49368644b","0xa040f0bc08f27db307926551de47c79ebeb1820b","","0.1","0","245.129359528061","0.010621403691428832","26.0361788416893","2579.18","","","Buy"
"0xf876abfc3adec7bb37d49355994737fd7d9db5e82be46c5ba26539b343fb2912","14348458","1646773446","2022-03-08 21:04:06","0xb09d4753bfd9b2bed8d4ba79d04a29af9d9e0206","0xa040f0bc08f27db307926551de47c79ebeb1820b","","0.1","0","245.129359528061","0.009311916466229892","22.8262411934574","2579.18","","","Buy"
"0xd8aa406add628ab2fc939f07772c401213ac8a97daf93fddbfca8b9b80e8abcd","14348494","1646773978","2022-03-08 21:12:58","0xa539313eec2cd836c6583327262c47f23243e779","0xa040f0bc08f27db307926551de47c79ebeb1820b","","0.1","0","245.129359528061","0.013956521448998484","34.2115316403264","2579.18","","","Buy"
"0xdb780e0cd1b56f2bbc880b47eec4903223b4557a8f912bd0c55072583d7cf162","14348612","1646775363","2022-03-08 21:36:03","0x82b16b42010a81f5eace52abedd60cddee3f6fde","0xa040f0bc08f27db307926551de47c79ebeb1820b","","0.2","0","490.258719056122","0.008229899202205686","20.1738992041718","2579.18","","","Buy"
"0x435594c6ff54a9d6e3d7fc7709545e22934cc136dbcd0a09b1440c7b908cde0f","14348642","1646775769","2022-03-08 21:42:49","0xb9b567ed1f2c660cf003ddd7b0da61ff8719dd1d","0xa040f0bc08f27db307926551de47c79ebeb1820b","","0.1","0","245.129359528061","0.010791092874553788","26.4521368494719","2579.18","","","Buy"
"0x785a2d7079e5d9e461519a36f5be43736feb3a340ec6699890b0714b5de1344f","14348649","1646775840","2022-03-08 21:44:00","0xcd4c7ef96563846dbe433639fa712ed143df7674","0xa040f0bc08f27db307926551de47c79ebeb1820b","","0.1","0","245.129359528061","0.008939408063618676","21.9131137319483","2579.18","","","Buy"
"0x2c9cb1bf387e341c64812a75855a6b34009b45466596fa173e79a17ca1d3a2cd","14348659","1646776024","2022-03-08 21:47:04","0x82b16b42010a81f5eace52abedd60cddee3f6fde","0xa040f0bc08f27db307926551de47c79ebeb1820b","","0.1","0","245.129359528061","0.01038690134295805","25.4613447368046","2579.18","","","Buy"
"0xdd3b11e14a0b48b21ac9edc1386fec772278364bff36c96149e09ba5b76b9bf0","14348674","1646776248","2022-03-08 21:50:48","0x5d9f4e0f43692a30b9ffefdb288b8a122b3e6d32","0xa040f0bc08f27db307926551de47c79ebeb1820b","","0.1","0","245.129359528061","0.010065871190071734","24.6744055791425","2579.18","","","Buy"
"0xb8950658a3b099c071a6c02eac9f70a8b92ba1f9fa81dd463562dc2a2fa39cb6","14348679","1646776316","2022-03-08 21:51:56","0x0e822cef2ce1b394b8b44968f90f53f61355dd85","0xa040f0bc08f27db307926551de47c79ebeb1820b","","0.1","0","245.129359528061","0.008440890825012786","20.6911016178167","2579.18","","","Buy"
"0xb5de569a9bf5a823b42ac9cdefc04a553c438946ebfecf4c233262e3be7771cc","14348706","1646776688","2022-03-08 21:58:08","0x14789cb3e5663c8d61f11a40092d16c02356c8d2","0xa040f0bc08f27db307926551de47c79ebeb1820b","","0.1","0","245.129359528061","0.010637999405062908","26.0768598082296","2579.18","","","Buy"
"0x2534cc3f394e42f877ae7e719a3aa2b80712228c06ec4b0d99e93e2a69100924","14348707","1646776696","2022-03-08 21:58:16","0x14789cb3e5663c8d61f11a40092d16c02356c8d2","0xa040f0bc08f27db307926551de47c79ebeb1820b","","0.1","0","245.129359528061","0.012134019067778354","29.7440432258579","2579.18","","","Buy"
"0xa1dc7166f508870531f1b2c24af22a2dca8c46568deed93f50f0ce3346e7055d","14348707","1646776696","2022-03-08 21:58:16","0x9c135b899891d4541f64afe65b8b52cc46c04cc6","0xa040f0bc08f27db307926551de47c79ebeb1820b","","0.1","0","245.129359528061","0.011935665125309154","29.2578194770845","2579.18","","","Buy"
"0xe2c13a6efc8225ffb575b101a556240086f7fdebdfa2fadc88809361ec77a4a2","14348723","1646776880","2022-03-08 22:01:20","0x448d162b2096df09fab9a276ca5749797195def6","0xa040f0bc08f27db307926551de47c79ebeb1820b","","0.1","0","245.129359528061","0.012504872270044194","30.6531133053614","2579.18","","","Buy"
"0x9a79b5e3b093848ca06f19281e24868b75d2bc1b61a5560494caa3ca7917fd6a","14348731","1646776956","2022-03-08 22:02:36","0x9c7bceb6f4b5affe72fe5b2b72903b51b00a7383","0xa040f0bc08f27db307926551de47c79ebeb1820b","","0.1","0","245.129359528061","0.009551542606039794","23.4136352152352","2579.18","","","Buy"
"0x57409165896cf0bcc0a7cfc8b5c40e0e2ab8a269e6777996c2cc6ede48d29a81","14348740","1646777071","2022-03-08 22:04:31","0x1f995c37db6b2a743415599e727f1069b5c10256","0xa040f0bc08f27db307926551de47c79ebeb1820b","","0.2","0","490.258719056122","0.009471502063882644","23.2174323468826","2579.18","","","Buy"
"0x7c51ae1bc6ea715e4ddeacb41ed2f082d96b6f682d2802a6f0945cef6fa7b45e","14348759","1646777343","2022-03-08 22:09:03","0x0e822cef2ce1b394b8b44968f90f53f61355dd85","0xa040f0bc08f27db307926551de47c79ebeb1820b","","0.1","0","245.129359528061","0.007577984511686572","18.575864898633","2579.18","","","Buy"
"0xddaab48993cba4d6dfe2ea3e2898a8108c2ac876da98caf41292db0bb5753c5a","14348760","1646777357","2022-03-08 22:09:17","0x4472803b276ecb4f309b102a17fa2a46dd037cda","0xa040f0bc08f27db307926551de47c79ebeb1820b","","0.2","0","490.258719056122","0.007353931821454332","18.0266459740613","2579.18","","","Buy"
"0x7eb91928be82893d44fff7fc3923f114d995661765351f4805b9d67c6c9551ed","14348764","1646777457","2022-03-08 22:10:57","0x7b04edd6967a4bbf517980c569ae7a3a2a06dca2","0xa040f0bc08f27db307926551de47c79ebeb1820b","","0.2","0","490.258719056122","0.009747600474258726","23.8942306119047","2579.18","","","Buy"
"0x8f8c08ad36d3d126e6d1ee1c05a2606282f07a078e5b931b877c8413026ecf6b","14348764","1646777457","2022-03-08 22:10:57","0x7b04edd6967a4bbf517980c569ae7a3a2a06dca2","0xa040f0bc08f27db307926551de47c79ebeb1820b","","0.1","0","245.129359528061","0.009909591864213526","24.2913190685915","2579.18","","","Buy"
"0xc882192b71d6a9007d282f8d15084ea25a9c536b3f2703f96baa3030271439b8","14348767","1646777525","2022-03-08 22:12:05","0xa0aa6210365a2e2c5be7cc36e182e3571116acd7","0xa040f0bc08f27db307926551de47c79ebeb1820b","","0.1","0","245.129359528061","0.010722490732534644","26.2839728581179","2579.18","","","Buy"
"0x4df20867f91d682d24cfa8628fd43f16c2a6f242968ba41b6c682e551b6a8178","14348793","1646777828","2022-03-08 22:17:08","0x51e755e8abd6a24e107c8d0d731fb45a11736c6b","0xa040f0bc08f27db307926551de47c79ebeb1820b","","0.3","0","735.388078584183","0.007969750568217516","19.5361985238556","2579.18","","","Buy"
"0xf8d019003a4796df03713a0515231e5978e9e1653fac74b400867c411f3bfd2e","14348814","1646778154","2022-03-08 22:22:34","0xa0feb6aaa8d489eb3045c8eba64d2f8838895602","0xa040f0bc08f27db307926551de47c79ebeb1820b","","0.1","0","245.129359528061","0.010196361668412492","24.9942760529443","2579.18","","","Buy"
"0xb782c26997e1cbd4f32375c1de63f76293915eed55d5721e5c5ec44b136a56f9","14348825","1646778261","2022-03-08 22:24:21","0xbb909d62a13629907140dfc966a1ff08f7be296e","0xa040f0bc08f27db307926551de47c79ebeb1820b","","0.1","0","245.129359528061","0.0081543795225657","19.9887782971527","2579.18","","","Buy"
"0xd47b2e550e8d8c2f94387e58aaafe6472b311bdff9e81728fd1325c1d92b081c","14348857","1646778679","2022-03-08 22:31:19","0xd9639acfadd0674adc408a558d67f2b0a32a7355","0xa040f0bc08f27db307926551de47c79ebeb1820b","","0.1","0","245.129359528061","0.009090655388369682","22.2838653304138","2579.18","","","Buy"
"0xb32f3e793257df75e345dbd8a23ae3adc2527802b90af9556adadc04ca6a2e65","14348894","1646779143","2022-03-08 22:39:03","0xcdd3d1cef5449ccafb3f94eb765ab3684f3652dd","0xa040f0bc08f27db307926551de47c79ebeb1820b","","0.1","0","245.129359528061","0.01030303073174007","25.2557532446937","2579.18","","","Buy"
"0xd91d76202df21e6c6de9363b8919d391d0c0b6ba6e4bea2c2ca607f3a4584ef6","14348912","1646779345","2022-03-08 22:42:25","0xbd07f665bd46e5b2fd7816166ea5de127ec2883d","0xa040f0bc08f27db307926551de47c79ebeb1820b","","0.2","0","490.258719056122","0.010730761895103786","26.3042479059491","2579.18","","","Buy"
"0x510735258225c92216d979a968e8639b91fe9daf26992b685d2abd244a74bc6e","14348939","1646779617","2022-03-08 22:46:57","0x2e94179d0d80de5490629c22c3956d77a97f6ded","0xa040f0bc08f27db307926551de47c79ebeb1820b","","0.1","0","245.129359528061","0.009083067772154652","22.2652658553824","2579.18","","","Buy"
"0xd84e6ba8c2672b677b8b3daf35aed007952354329ccdada89c14a3f680f62253","14348940","1646779622","2022-03-08 22:47:02","0xdaccf6a864e015eb6ddc6092f8dfa0a287b4a56f","0xa040f0bc08f27db307926551de47c79ebeb1820b","","0.1","0","245.129359528061","0.009027114404212464","22.1281077229114","2579.18","","","Buy"
"0x9fc539ecdb074e5c3358ca340032e8eaddc7e0715ed22f5b41d1bec4f0f92e99","14348943","1646779662","2022-03-08 22:47:42","0xbd7934a147e6257d55c59c86ba849633e14b9bcc","0xa040f0bc08f27db307926551de47c79ebeb1820b","","0.1","0","245.129359528061","0.008573484897397194","21.0161286182248","2579.18","","","Buy"
"0x8d92cb449c634e46f77b65762ec0751961800707c9c868f849707fa4268536f3","14348962","1646779992","2022-03-08 22:53:12","0xc3364ec0de9d355a37c4ed5265dc5bf19e5c2eaf","0xa040f0bc08f27db307926551de47c79ebeb1820b","","0.1","0","245.129359528061","0.011166630448207224","27.3726896985558","2579.18","","","Buy"
"0x3160d953422a00273064dd40be294177acb46f310302b7ee5fbd615fc0b15a39","14349064","1646781535","2022-03-08 23:18:55","0x9c64a39fcde85481822a0a977603124debaff567","0xa040f0bc08f27db307926551de47c79ebeb1820b","","0.1","0","245.129359528061","0.0137031878464227","33.5905366028631","2579.18","","","Buy"
"0x8f347e0c1f6a6a25b175f8c53476d2eb2cae64845dcdb82ccda2e060efc22e82","14349093","1646781939","2022-03-08 23:25:39","0xc1550078470ba620f6cdbc62967a18926efc74e5","0xa040f0bc08f27db307926551de47c79ebeb1820b","","0.1","0","245.129359528061","0.008671017912678522","21.2552106739123","2579.18","","","Buy"
"0x1e577e149d81deb346e07f900f61d8fbec5a22e06703a8cdd25eae6bf6e259ce","14349117","1646782347","2022-03-08 23:32:27","0x45ffe924cc96189c285920a57261e71369a4d72c","0xa040f0bc08f27db307926551de47c79ebeb1820b","","0.1","0","245.129359528061","0.012325313400788646","30.2129617991795","2579.18","","","Buy"
"0x0278b4ce38dc5465c1f1f3008d2a14495e4beba4e5f1ab1c917e6a8eb49d34c8","14349211","1646783569","2022-03-08 23:52:49","0x5156905c0bb98735ecf7e968667e3baf45237bd4","0xa040f0bc08f27db307926551de47c79ebeb1820b","","0.2","0","490.258719056122","0.007202725281266916","17.6559943505353","2579.18","","","Buy"
"0x3eb77fe2c603b10a1c8f9850ff9de48ff70848bd3dc959f68837f73ccdfdf1b8","14349245","1646784086","2022-03-09 00:01:26","0x746998a09e308499b403032edfeab958990e0f71","0xa040f0bc08f27db307926551de47c79ebeb1820b","","0.1","0","245.129359528061","0.01074356468947824","26.3356313138009","2733.05","","","Buy"
"0xb1d3813b772ded61292e90452e4a18597f9480f4840678cb1cc09cf686707d3e","14349288","1646784643","2022-03-09 00:10:43","0x7392f36960cb948259cfc871b07ea9a19fb221cb","0xa040f0bc08f27db307926551de47c79ebeb1820b","","0.5","0","1225.64679764031","0.007507495698128688","18.4030761214196","2733.05","","","Buy"
"0x89bbe257e883a4f359ddff046f9d74636894dbefdbc1f9db35b1d0c1bca30c1d","14349290","1646784649","2022-03-09 00:10:49","0x7392f36960cb948259cfc871b07ea9a19fb221cb","0xa040f0bc08f27db307926551de47c79ebeb1820b","","0.1","0","245.129359528061","0.00759445283207619","18.6162335869291","2733.05","","","Buy"
"0xf2f49b8e5287515ca2c3388f5da552540cd594cd50b008f9e584e5d01116a9be","14349335","1646785135","2022-03-09 00:18:55","0xdaccf6a864e015eb6ddc6092f8dfa0a287b4a56f","0xa040f0bc08f27db307926551de47c79ebeb1820b","","0","0","0","0.001317663420022272","3.22997990223614","2733.05","","","Transfer From"
"0xdc8d29849f834df5474c45242be7329d83bcb79606a476cba2bef77259dbd874","14349351","1646785365","2022-03-09 00:22:45","0x45ffe924cc96189c285920a57261e71369a4d72c","0xa040f0bc08f27db307926551de47c79ebeb1820b","","0.1","0","245.129359528061","0.00694827039178903","17.0322507096703","2733.05","","","Buy"
"0xc6c2dab2341d89b1ec73710a507eca289182571831a8071c589cfd30a6a38d05","14349424","1646786524","2022-03-09 00:42:04","0xc1950d706a3f4a7dcc5b4b3d924141567e752a70","0xa040f0bc08f27db307926551de47c79ebeb1820b","","0.2","0","490.258719056122","0.006145134435659868","15.0635286842714","2733.05","","","Buy"
"0x6d46ab6c497a45d5f878aecf96557a95d3127db959fee5e2e88b86308387d8f9","14349427","1646786633","2022-03-09 00:43:53","0x67897bc14d5dc40d23ddcbcc07294db40e202abe","0xa040f0bc08f27db307926551de47c79ebeb1820b","","0.3","0","735.388078584183","0.007233304019889594","17.7309518166729","2733.05","","","Buy"
"0x49060233d1eaf0141433db2dbbf47ea7136876f593000e06d90debb4dfc221b5","14349450","1646786947","2022-03-09 00:49:07","0xf1a8388981d66ec928c1bd8df72c94d247178925","0xa040f0bc08f27db307926551de47c79ebeb1820b","","0.1","0","245.129359528061","0.00649250821405734","15.9150438024255","2733.05","","","Buy"
"0x99ff7e8f7044b8579e0dc892a557b5d452aaf953fbebb5aaff9eb2062d9e3bb2","14349511","1646787805","2022-03-09 01:03:25","0x6aeb81685349fe1d5f7b956627ad2cf0c06869d2","0xa040f0bc08f27db307926551de47c79ebeb1820b","","0.1","0","245.129359528061","0.020648177871159276","50.6147461697876","2733.05","","","Buy"
"0xa413b9c3642b424bfea0b1d78a8f5e275d7cb544f02b0b496f1eec919c0723ce","14349559","1646788297","2022-03-09 01:11:37","0xaea6a7b3823f690160243c2a680a971b7b00056d","0xa040f0bc08f27db307926551de47c79ebeb1820b","","0.1","0","245.129359528061","0.009020854798356126","22.1127635911667","2733.05","","","Buy"
"0xd65bceeaadf7216c63c0a7e62907657a0b3955336dfe11ebebc2334b5087a0ad","14349654","1646789490","2022-03-09 01:31:30","0xabd8d5c6676082e2fbe1bdc0051674605a75a0d5","0xa040f0bc08f27db307926551de47c79ebeb1820b","","0.2","0","490.258719056122","0.006578814087899052","16.1266048382088","2733.05","","","Buy"
"0x3a17af79a880d6a1319059fda01aa7333dff10a0e77249401aca5ea7f7bb6f47","14349685","1646789823","2022-03-09 01:37:03","0x2bad94ef7777eb47097dedacf1d1c64e8d791f0c","0xa040f0bc08f27db307926551de47c79ebeb1820b","","0.1","0","245.129359528061","0.006126586948863396","15.0180633486786","2733.05","","","Buy"
"0xb6ec6ed7a6d664ab3b3e1e0d44427fed50bde183fc979e6e0b427e62b4d5b42f","14349748","1646790509","2022-03-09 01:48:29","0x2f413cc166ddbb7bf3d7ccfa8988d3544449104c","0xa040f0bc08f27db307926551de47c79ebeb1820b","","0.2","0","490.258719056122","0.00729241133252919","17.8758411935805","2733.05","","","Buy"
"0xfcb977594c5287812a230f00590d7414cd29f3ebf4d90f31e46ecb9401078844","14349768","1646790837","2022-03-09 01:53:57","0xf5330014613a092965bd06dc399df29fcc490144","0xa040f0bc08f27db307926551de47c79ebeb1820b","","0.6","0","1470.77615716837","0.007662756835709616","18.7836667535677","2733.05","","","Buy"
"0xbd808f32f667069fad40585eb21493a3e5bdf547a8570562132a80189c123f8e","14349775","1646790995","2022-03-09 01:56:35","0x6d563c2832e28dc6ba2ca1cff72c6d322854d533","0xa040f0bc08f27db307926551de47c79ebeb1820b","","0.2","0","490.258719056122","0.008871095911278432","21.7456605904368","2733.05","","","Buy"
"0xdbe0cd27454e697ea199f3c3c75a0771d4b310b5a938d22667bbab84739b7094","14349776","1646791002","2022-03-09 01:56:42","0xf5330014613a092965bd06dc399df29fcc490144","0xa040f0bc08f27db307926551de47c79ebeb1820b","","0.1","0","245.129359528061","0.010052227105584944","24.6409599222265","2733.05","","","Buy"
"0xabefe3559e7adb1310dc9c9cd802305087a404a69a2ed9def448ff5f650a2bbf","14349780","1646791023","2022-03-09 01:57:03","0x88cc556097c3c7c189fd0317c35d2f714793cf98","0xa040f0bc08f27db307926551de47c79ebeb1820b","","0.3","0","735.388078584183","0.007260216872473584","17.7969231198427","2733.05","","","Buy"
"0x6555b5fa13702913c679951c1b6402c4198627ab705c14ac7b8ab19aac7035f7","14349790","1646791127","2022-03-09 01:58:47","0x6d563c2832e28dc6ba2ca1cff72c6d322854d533","0xa040f0bc08f27db307926551de47c79ebeb1820b","","0.1","0","245.129359528061","0.00642230737636364","15.7429609386036","2733.05","","","Buy"
"0x87efe6e247c6675259cef3226d037302bafee9f192f948d9b98fe1197415d0f8","14349790","1646791127","2022-03-09 01:58:47","0xa860f7691452a2d46c08624bd97ad263413a52d6","0xa040f0bc08f27db307926551de47c79ebeb1820b","","0.2","0","490.258719056122","0.00631732237669164","15.4856118813071","2733.05","","","Buy"
"0xe897429db005b08d3890840b8ab23f586a7339702a0ee85e66f66ffe5941d761","14349814","1646791391","2022-03-09 02:03:11","0x88cc556097c3c7c189fd0317c35d2f714793cf98","0xa040f0bc08f27db307926551de47c79ebeb1820b","","0.1","0","245.129359528061","0.00709100834344006","17.382143336356","2733.05","","","Buy"
"0xf19a427b65aea811425f5b14c837d19e9fc118c4761d35997ebd370d2b9bc189","14349925","1646792899","2022-03-09 02:28:19","0xa421901e46a64086cb26249b36f9abff4edfdead","0xa040f0bc08f27db307926551de47c79ebeb1820b","","0.6","0","1470.77615716837","0.00674205102922686","16.5267465069988","2733.05","","","Buy"
"0x4afe58f20b364155ecc6da22085b9a93be4413b2053536ba3be209d6ddafb92d","14349928","1646792931","2022-03-09 02:28:51","0xa421901e46a64086cb26249b36f9abff4edfdead","0xa040f0bc08f27db307926551de47c79ebeb1820b","","0.1","0","245.129359528061","0.006950160384979212","17.0368836378726","2733.05","","","Buy"
"0x06761c4298954531c0d6c62a43f7495b03d1fca3493e22d56731a4c263a9d4d4","14349977","1646793579","2022-03-09 02:39:39","0xe77235aa3a509da4a4de4c4fe2dbe1c9bad9f654","0xa040f0bc08f27db307926551de47c79ebeb1820b","","0.2","0","490.258719056122","0.007144287709407078","17.5127467049116","2733.05","","","Buy"
"0x986b630c8b7ed76a20563c9e8dc15aae0284e555828fbc5f10c2e7005c97700d","14350053","1646794495","2022-03-09 02:54:55","0x88cc556097c3c7c189fd0317c35d2f714793cf98","0xa040f0bc08f27db307926551de47c79ebeb1820b","","0","0","0","0.001792558672540042","4.39408759316212","2733.05","","","Set Approval For All"
"0xb230c5498779b057c19b809751c2de6a8c711aed4522684b0cb2062bc393bd03","14350060","1646794673","2022-03-09 02:57:53","0xfb59d5ad4b9ecee45b416c5080292c70ed221885","0xa040f0bc08f27db307926551de47c79ebeb1820b","","0.2","0","490.258719056122","0.008181447998422992","20.0551310786556","2733.05","","","Buy"
"0x595e9b9c46075ed6d8b57e8aab9e5682e6b16ba77a5f734e6433fbcd0c2f5f8d","14350110","1646795412","2022-03-09 03:10:12","0x88cc556097c3c7c189fd0317c35d2f714793cf98","0xa040f0bc08f27db307926551de47c79ebeb1820b","","0.1","0","245.129359528061","0.007570823088903504","18.5583101488317","2733.05","","","Buy"
"0x546eb508e5f322cd84a20b307e43047449d8bf0908818ba3b4c6ecf65dfc8faa","14350168","1646796166","2022-03-09 03:22:46","0xea45708f3b44c6eaf47c649997c4ac4f3ace1e77","0xa040f0bc08f27db307926551de47c79ebeb1820b","","0.2","0","490.258719056122","0.006798846018267762","16.6659676998788","2733.05","","","Buy"
"0x854b146714889cbfac644d320f97b3ab3115c33472411ff244d2e09c018bff19","14350245","1646797228","2022-03-09 03:40:28","0x3267cb555f960fda9df275109c689846dada41c0","0xa040f0bc08f27db307926551de47c79ebeb1820b","","0.6","0","1470.77615716837","0.011012541423247992","26.9949722585702","2733.05","","","Buy"
"0x58d403e7356e921710416e130bc59877897311b91cf00d1d71924aff6324d32f","14350282","1646797685","2022-03-09 03:48:05","0x3267cb555f960fda9df275109c689846dada41c0","0xa040f0bc08f27db307926551de47c79ebeb1820b","","0.1","0","245.129359528061","0.008415377749847798","20.6285615800689","2733.05","","","Buy"
"0xd7fe0285f0114343050b2a91a680dd948afa908a8cc32326a10f4513ea9b4611","14350322","1646798154","2022-03-09 03:55:54","0xeb0e1cc0e07208eb02f5526b3ac49bf435867417","0xa040f0bc08f27db307926551de47c79ebeb1820b","","0.4","0","980.517438112244","0.007976955527116674","19.5538599934594","2733.05","","","Buy"
"0x05e593ec6e7e25f956c0db328ad03d6f66eb9b1c97e50e6601751fa47953f938","14350366","1646798862","2022-03-09 04:07:42","0xffc9285829978ea08f5eb0fd266bffd69fb8d825","0xa040f0bc08f27db307926551de47c79ebeb1820b","","0.6","0","1470.77615716837","0.01382479724354826","33.8886369391629","2733.05","","","Buy"
"0x11970cf44f8d770762d3d53b17b95c66466d0ae8cdf3c3aa74a0dc86319edf17","14350430","1646799755","2022-03-09 04:22:35","0xffc9285829978ea08f5eb0fd266bffd69fb8d825","0xa040f0bc08f27db307926551de47c79ebeb1820b","","0.1","0","245.129359528061","0.009993394642452794","24.4967442821561","2733.05","","","Buy"
"0x10ef6a7bf597ac88b1d3e548ea4fe208e36382099ac694e06a9c5af5d4bfee57","14350567","1646801375","2022-03-09 04:49:35","0x448d162b2096df09fab9a276ca5749797195def6","0xa040f0bc08f27db307926551de47c79ebeb1820b","","0","0","0","0.001227078813141689","3.00793043555875","2733.05","","","Safe Transfer From"
"0xa896c0de9c2a8585023a60e343a61b4ca6583edab7cfa4c14b8822109d3403ab","14350582","1646801584","2022-03-09 04:53:04","0x7f1fa64cfcd7ea07e06091a37373a4219798b105","0xa040f0bc08f27db307926551de47c79ebeb1820b","","0.2","0","490.258719056122","0.007372946018345982","18.0732553531212","2733.05","","","Buy"
"0x55ee4f0f9745bc96bdfbebf5b9d3613f012348fd59709ad2840fc0c1b4efbd0f","14350583","1646801598","2022-03-09 04:53:18","0x7f1fa64cfcd7ea07e06091a37373a4219798b105","0xa040f0bc08f27db307926551de47c79ebeb1820b","","0.1","0","245.129359528061","0.007464189360095122","18.2969195723628","2733.05","","","Buy"
"0x13c0364fab5e8533ae3267c66a62b38bf1fdd9564099ffd0dfd7d94a7cdbfa24","14350659","1646802699","2022-03-09 05:11:39","0x78a9875a3621921c89195c27a63da23d72f4d8ed","0xa040f0bc08f27db307926551de47c79ebeb1820b","","0.6","0","1470.77615716837","0.005476590939321048","13.4247322935295","2733.05","","","Buy"
"0x6afcf23428f2f62c1209214854c71c8620216133f28bb37b7dd166b7e7d36205","14350704","1646803253","2022-03-09 05:20:53","0x78a9875a3621921c89195c27a63da23d72f4d8ed","0xa040f0bc08f27db307926551de47c79ebeb1820b","","0.1","0","245.129359528061","0.00570653968341024","13.9884041771582","2733.05","","","Buy"
"0xf4e04ae50618dba4c0e8784290cb9a087df03a6d6514db5297e15a4cf349f656","14350845","1646804971","2022-03-09 05:49:31","0x592757d173190123ba6a6657068001946ea8b2ef","0xa040f0bc08f27db307926551de47c79ebeb1820b","","0.2","0","490.258719056122","0.004959009860097552","12.1559891089905","2733.05","","","Buy"
"0xb66d0c7ab308ec350eb5c18e0430cbb631823de02ed80a813ea548b1ac23138b","14350913","1646805870","2022-03-09 06:04:30","0xd7ad3a3e2b8e90171a42de68a7edcf18dba57d22","0xa040f0bc08f27db307926551de47c79ebeb1820b","","0.2","0","490.258719056122","0.004966210308458004","12.1736395219396","2733.05","","","Buy"
"0x05e498ac243f538e657347ac872f2f8af2fbc59d612e1be40468a878d9cfbd3b","14350932","1646806041","2022-03-09 06:07:21","0xd7ad3a3e2b8e90171a42de68a7edcf18dba57d22","0xa040f0bc08f27db307926551de47c79ebeb1820b","","0.1","0","245.129359528061","0.003968202477703744","9.72722931837184","2733.05","","","Buy"
"0x931901f75fe51f9c706717cdb68977bb9d37eead6470e11a8b0892d234a884d3","14350945","1646806225","2022-03-09 06:10:25","0x05ed41ad4bc77d80f7a1e6995127dc16f07d8302","0xa040f0bc08f27db307926551de47c79ebeb1820b","","0.2","0","490.258719056122","0.005329868127504882","13.065071604643","2733.05","","","Buy"
"0x88137de7d853883f299a0e42d8c9795b62157fc68059668521646222e58ca7ec","14350990","1646806922","2022-03-09 06:22:02","0x2ce25df3b7f19b14bd35c52f3e89628a3183e8fc","0xa040f0bc08f27db307926551de47c79ebeb1820b","","0.2","0","490.258719056122","0.006634538486063016","16.263201698529","2733.05","","","Buy"
"0xe9dc886293e1e27037a8167eff906530abb2dfd3158ffd5fbf1ce6801b0a92b6","14350992","1646806954","2022-03-09 06:22:34","0x0ffec4d62a61d4fe0018e974c41148cb0a3b2f92","0xa040f0bc08f27db307926551de47c79ebeb1820b","","0.2","0","490.258719056122","0.006736201525370934","16.5124076556612","2733.05","","","Buy"
"0x5e55bd2f14536715b89a747f800e6238d56fff730106e0d88f596565ececf41a","14351096","1646808351","2022-03-09 06:45:51","0xbd7b892d9aac3bdc88f2b16362f2e5d38a269f89","0xa040f0bc08f27db307926551de47c79ebeb1820b","","0.2","0","490.258719056122","0.005149950275575266","12.6240401265313","2733.05","","","Buy"
"0x1d1daf062d11cf8dade82d323afdddaa92072dc2cf860802331a856cb3dbf1c9","14351182","1646809429","2022-03-09 07:03:49","0x95bb73aecc12436589b59043cf258bcd135e58f7","0xa040f0bc08f27db307926551de47c79ebeb1820b","","0.2","0","490.258719056122","0.003632417015571108","8.90412056565776","2733.05","","","Buy"
"0x1bf600ca779ca13a502d337160aec15ae1a4926ff3d9e5e7300f2ccac691fc46","14351193","1646809642","2022-03-09 07:07:22","0xfcb663ed8f1dcdec168b934f909869292e04d304","0xa040f0bc08f27db307926551de47c79ebeb1820b","","0.2","0","490.258719056122","0.00545645994426696","13.3753853142868","2733.05","","","Buy"
"0x6bf8f1355294c986d84432c2ed9028996d270b163ee65c22d64748ea3a26cb74","14351213","1646809908","2022-03-09 07:11:48","0x0ffec4d62a61d4fe0018e974c41148cb0a3b2f92","0xa040f0bc08f27db307926551de47c79ebeb1820b","","0","0","0","0.000960646580989904","2.35482681130877","2733.05","","","Transfer From"
"0xdd982275405734c1550200175dc075f9d70d7664331cf00140f5af8e49726b05","14351243","1646810285","2022-03-09 07:18:05","0xfcb663ed8f1dcdec168b934f909869292e04d304","0xa040f0bc08f27db307926551de47c79ebeb1820b","","0.1","0","245.129359528061","0.004319422128897064","10.5881717998787","2733.05","","","Buy"
"0xf08cd588488473c747c06a8a09145394d483db35c0ac3877fd3913a09aff4209","14351326","1646811400","2022-03-09 07:36:40","0x57fda984608cfaec02be21c9cd6a9f6e21574993","0xa040f0bc08f27db307926551de47c79ebeb1820b","","0.2","0","490.258719056122","0.006618072199835934","16.2228379965625","2733.05","","","Buy"
"0xf9d4ea4c308b903dee38af09264c69ab570a48e5681a9f30577ce5eadfaa7f40","14351580","1646815277","2022-03-09 08:41:17","0x766c7c7d3d5393b1efac94e1319326b52083fe0c","0xa040f0bc08f27db307926551de47c79ebeb1820b","","0.4","0","980.517438112244","0.007725399535072974","18.9372224013082","2733.05","","","Buy"
"0x9c511ae2e1570e454f3c9f79473a17e324f655d5b4375c6a8edf5083f2c73b42","14351580","1646815277","2022-03-09 08:41:17","0x766c7c7d3d5393b1efac94e1319326b52083fe0c","0xa040f0bc08f27db307926551de47c79ebeb1820b","","0.1","0","245.129359528061","0.007853784793778174","19.2519323637007","2733.05","","","Buy"
"0xb3988ca0502e70fc218692105ed459e5682e376d784c004b25cdb7f8102ecfcd","14352008","1646821399","2022-03-09 10:23:19","0x906d0010ff3ec8b8be49f122434b4c1479ae86c8","0xa040f0bc08f27db307926551de47c79ebeb1820b","","0.2","0","490.258719056122","0.003813510668449446","9.34803427710441","2733.05","","","Buy"
"0xe0626ca8313e86807f7e982f40d7e34a5b7d7395f7eec8af38e37c88037a7665","14352079","1646822365","2022-03-09 10:39:25","0xc397756a24e24f32d4f4e9c5a9ec7d655d3eebfd","0xa040f0bc08f27db307926551de47c79ebeb1820b","","0.2","0","490.258719056122","0.005079772007681082","12.4520125879144","2733.05","","","Buy"
"0xfc01c84749f3fa3e14a5779b3b26906743a1a914ed0f918deb42db5f334728ae","14352146","1646823397","2022-03-09 10:56:37","0xc397756a24e24f32d4f4e9c5a9ec7d655d3eebfd","0xa040f0bc08f27db307926551de47c79ebeb1820b","","0.1","0","245.129359528061","0.004941284190239806","12.1125382879962","2733.05","","","Buy"
"0x94ff40f92c4fb003c1fdc8a49bc6f834e9de2217487b31aad2923800738c9aab","14352715","1646830751","2022-03-09 12:59:11","0x9b18cdcb87e967f76be9c0742fada880ad80f7c0","0xa040f0bc08f27db307926551de47c79ebeb1820b","","0.2","0","490.258719056122","0.003907646896454874","9.57878980989799","2733.05","","","Buy"
"0x57aaa84a4aee6c1ecd9eb182b16a326938ea18d807f544474378a3f3c58f24bb","14352783","1646831564","2022-03-09 13:12:44","0xc330f26b79d94f34c1e8c4747bc31633f6f71c43","0xa040f0bc08f27db307926551de47c79ebeb1820b","","0.2","0","490.258719056122","0.003188372913344724","7.8156381018481","2733.05","","","Buy"
"0xa6d9e38e907ca5039827122da4f3127fcc1a3e85377db186940c6879f2f01b8e","14352820","1646831970","2022-03-09 13:19:30","0x9b18cdcb87e967f76be9c0742fada880ad80f7c0","0xa040f0bc08f27db307926551de47c79ebeb1820b","","0","0","0","0.002073164188882383","5.08193409817251","2733.05","","","Safe Transfer From"
"0x183f5211f6c030f8be26f4af57f215f95091511af0ff46c78aac738aebaeb06c","14352837","1646832266","2022-03-09 13:24:26","0xdae527c4b4b466404055ae5baa783454f7c5b59a","0xa040f0bc08f27db307926551de47c79ebeb1820b","","0.2","0","490.258719056122","0.00469401826081869","11.5064168988751","2733.05","","","Buy"
"0x068d52079daac288b290c76b0006e9c1b29471b8e39610f2570197c38fdbd68a","14352840","1646832297","2022-03-09 13:24:57","0xdae527c4b4b466404055ae5baa783454f7c5b59a","0xa040f0bc08f27db307926551de47c79ebeb1820b","","0.1","0","245.129359528061","0.00447890079415165","10.9791008306012","2733.05","","","Buy"
"0x7521ba9506c61d94eb0cc21a18344381a6a7535107acd3964b3c2fa2edbdf0e8","14353402","1646839971","2022-03-09 15:32:51","0x2152c9658fdb537996810ad076810b7e59f9a35b","0xa040f0bc08f27db307926551de47c79ebeb1820b","","0.2","0","490.258719056122","0.005140587318166086","12.6010887690013","2733.05","","","Buy"
"0x5689febb7e87b9f700f1749f82c969227257481a158a967c65e3ee0f34b2681a","14353525","1646841647","2022-03-09 16:00:47","0xf5547adbcb7566ae88c30169c8cfb3c23df1fd3a","0xa040f0bc08f27db307926551de47c79ebeb1820b","","0.2","0","490.258719056122","0.00821032955903421","20.1259282632036","2733.05","","","Buy"
"0xa177b7944bfbe5ba08c6b2a9d31c5de680ed0558fd7d01e746e37f2436fb3cc9","14353592","1646842602","2022-03-09 16:16:42","0x2f80876c723aef1e0d14f62dc36d8c9a55ea5b58","0xa040f0bc08f27db307926551de47c79ebeb1820b","","0.2","0","490.258719056122","0.007887521392583394","19.3346306722785","2733.05","","","Buy"
"0x199116f3441a8d58b7c1b1f9d55e45796993b90749d33c44e1925bff77c2779e","14353602","1646842678","2022-03-09 16:17:58","0x6098d7a01fde70a0076becab232423b5cc98509b","0xa040f0bc08f27db307926551de47c79ebeb1820b","","0.4","0","980.517438112244","0.006553419243966234","16.0643546199231","2733.05","","","Buy"
"0x46d705f6823de62c79d0935913ecdc091074c55e97759e174264ad44d2fa7f95","14353602","1646842678","2022-03-09 16:17:58","0x6098d7a01fde70a0076becab232423b5cc98509b","0xa040f0bc08f27db307926551de47c79ebeb1820b","","0.1","0","245.129359528061","0.006662327841019434","16.3313215663506","2733.05","","","Buy"
"0xa28bdbef8dd13ab3387406750900c8682756eb9dc5911443963504f425ba3adc","14353603","1646842698","2022-03-09 16:18:18","0x2f80876c723aef1e0d14f62dc36d8c9a55ea5b58","0xa040f0bc08f27db307926551de47c79ebeb1820b","","0.1","0","245.129359528061","0.007112282341952094","17.4342921526545","2733.05","","","Buy"
"0xb809232e4ff8d93e354f6ac05c331901529aacbb98d93e5ea22346b166373a56","14353604","1646842704","2022-03-09 16:18:24","0x6098d7a01fde70a0076becab232423b5cc98509b","0xa040f0bc08f27db307926551de47c79ebeb1820b","","0.1","0","245.129359528061","0.006754522192058298","16.5573169885733","2733.05","","","Buy"
"0x774f50f807ab20013418f0431b5e8baf242af0c2dc8847c2dfee0b0145027db3","14353630","1646842972","2022-03-09 16:22:52","0x6098d7a01fde70a0076becab232423b5cc98509b","0xa040f0bc08f27db307926551de47c79ebeb1820b","","0.1","0","245.129359528061","0.006332910681870418","15.5238233939531","2733.05","","","Buy"
"0x7009e0a5dab3d8daf01361b07864bb9e88c1a49c71ee9ea0a53b80355a03d16e","14353720","1646844188","2022-03-09 16:43:08","0x58fb45ce469c448401eaaa0b80d31ed381a9169a","0xa040f0bc08f27db307926551de47c79ebeb1820b","","0.2","0","490.258719056122","0.00697426052365326","17.0959601534496","2733.05","","","Buy"
"0x0f9303a989734fb00389ba2e2e3edc53afb3e8ed36f14ec1abd5d75ffc319570","14353728","1646844281","2022-03-09 16:44:41","0x17c2e8547e9be58b6afceca53b0d68c575964b8d","0xa040f0bc08f27db307926551de47c79ebeb1820b","","0.6","0","1470.77615716837","0.006335510654874318","15.5301966911255","2733.05","","","Buy"
"0x6d6d2b4da1bfad69f1d8e2df0965c8ff9586b727362e428388407b39211bb5e3","14353730","1646844287","2022-03-09 16:44:47","0x17c2e8547e9be58b6afceca53b0d68c575964b8d","0xa040f0bc08f27db307926551de47c79ebeb1820b","","0.1","0","245.129359528061","0.006101775783462942","14.957243897841","2733.05","","","Buy"
"0x98452aa42f8bf2c17a5d4cb0a24e330eaa529415d79a16ae9cb64496a1db1cc4","14353917","1646846891","2022-03-09 17:28:11","0x7be89186c90f1f5724dff69e51c74597adeacfa7","0xa040f0bc08f27db307926551de47c79ebeb1820b","","0.2","0","490.258719056122","0.007119689592972816","17.4524494996403","2733.05","","","Buy"
"0xc52547acbdd99edd9c03f60a66761c45e0deec968413b7a57aaffd79f505c060","14353974","1646847722","2022-03-09 17:42:02","0xc8c284e0480c1d0314716f6ea3f344fdf5f7cf2c","0xa040f0bc08f27db307926551de47c79ebeb1820b","","0.2","0","490.258719056122","0.008296712363752008","20.3376778791507","2733.05","","","Buy"
"0x3b5b48419c55584aa5f931ecfb97bc0d062c6a5370fc0bd9db17f773034faf77","14353986","1646847823","2022-03-09 17:43:43","0xc8c284e0480c1d0314716f6ea3f344fdf5f7cf2c","0xa040f0bc08f27db307926551de47c79ebeb1820b","","0.1","0","245.129359528061","0.006745812841763632","16.5359678139769","2733.05","","","Buy"
"0x31f1a96a40443aec04ca9bb18a8b2a19966fc7329cf91da3d3cefcaef50c23ec","14354073","1646849011","2022-03-09 18:03:31","0x8b749d58fe6adf3ef6a4c6f943002ace9b20961c","0xa040f0bc08f27db307926551de47c79ebeb1820b","","0.2","0","490.258719056122","0.00763315263645408","18.7110981695392","2733.05","","","Buy"
"0x4c0f163e58ab5bc0e2eb926dd061bbb7b7dedc8bbd6e31d3278ac34177f83301","14354076","1646849030","2022-03-09 18:03:50","0xd085eacd3d59e359124fe324b6baec928e3b159b","0xa040f0bc08f27db307926551de47c79ebeb1820b","","0.2","0","490.258719056122","0.006475698083117832","15.8738372361177","2733.05","","","Buy"
"0xc55b9a7f437034aed69b1f0f9a8682f342c40a2ff3dfc4c24d3b28a72d269064","14354078","1646849051","2022-03-09 18:04:11","0xd085eacd3d59e359124fe324b6baec928e3b159b","0xa040f0bc08f27db307926551de47c79ebeb1820b","","0.1","0","245.129359528061","0.00671116071842445","16.4510252859727","2733.05","","","Buy"
"0x6c6dbc97a7b551cee64f3fc72512fe58451cf01414a807552371bd989b43357e","14354153","1646849921","2022-03-09 18:18:41","0xc727497d4123b86aa30d654fc515b03437ab61a9","0xa040f0bc08f27db307926551de47c79ebeb1820b","","0.2","0","490.258719056122","0.006595447250242404","16.1673776025303","2733.05","","","Buy"
"0xf36608aae21144be1c2384865cbf9dd4607fa93302c3f4c473d466c22dfce6e3","14354203","1646850591","2022-03-09 18:29:51","0x0ffec4d62a61d4fe0018e974c41148cb0a3b2f92","0xa040f0bc08f27db307926551de47c79ebeb1820b","","0","0","0","0.00176342059257059","4.32266160435423","2733.05","","","Transfer From"
"0xdcc59a8b5237f187dc787b35dae8328516cd196e0aefbe655047579ab14ec760","14354211","1646850701","2022-03-09 18:31:41","0xf5547adbcb7566ae88c30169c8cfb3c23df1fd3a","0xa040f0bc08f27db307926551de47c79ebeb1820b","","0","0","0","0.002021395350704114","4.955033476711","2733.05","","","Set Approval For All"
"0x2840607a36a132e35773681e818ec6e7e9d084c1602feb02d3659ae94fd25501","14354534","1646855059","2022-03-09 19:44:19","0xcc411e96c83dcc8d3a45aa939251af86d72f5177","0xa040f0bc08f27db307926551de47c79ebeb1820b","","0.2","0","490.258719056122","0.00603752586912339","14.7997484943232","2733.05","","","Buy"
"0x3d36bd488f0694e6be761c164ccc6d2e926809024bd06cca95baea24c41fd6fc","14354537","1646855093","2022-03-09 19:44:53","0xcc411e96c83dcc8d3a45aa939251af86d72f5177","0xa040f0bc08f27db307926551de47c79ebeb1820b","","0.1","0","245.129359528061","0.006347944933862504","15.5606767595712","2733.05","","","Buy"
"0x1c42826ae84c4ecd57e37e72ef9c72a73f202750530b4d16426da90466540634","14354588","1646855830","2022-03-09 19:57:10","0x55e5c8fd1b55696590a2588c7559e7c27c3a0e33","0xa040f0bc08f27db307926551de47c79ebeb1820b","","0.2","0","490.258719056122","0.007132885335619536","17.4847961390752","2733.05","","","Buy"
"0xcbf38196579e184bc3d07a1136455a677afae356ad3dc2bb3b6a99f3fc551d64","14354872","1646859579","2022-03-09 20:59:39","0x9935923bba6198141e98334971c0002303e3f847","0xa040f0bc08f27db307926551de47c79ebeb1820b","","0.4","0","980.517438112244","0.004498615972973646","11.0274285221773","2733.05","","","Buy"
"0x1652dfe89a8b9163ad53a3a9e3a3553552b795c795b2d283f2eed03e9a6764b0","14354873","1646859584","2022-03-09 20:59:44","0x9935923bba6198141e98334971c0002303e3f847","0xa040f0bc08f27db307926551de47c79ebeb1820b","","0.1","0","245.129359528061","0.004265795067345376","10.4567161273633","2733.05","","","Buy"
"0x398954938466494dc547b4d0cd54f2d375fd678ed1b87918d807c79a7bfa2206","14354940","1646860323","2022-03-09 21:12:03","0x98f6531c2a2b34d5deb7f7ef06f8c1ebd83d4d4d","0xa040f0bc08f27db307926551de47c79ebeb1820b","","0.2","0","490.258719056122","0.004777164534561918","11.7102328271733","2733.05","","","Buy"
"0x8ee31790dc1248baddbbae01ba0f05cde3baf5aa7c8332eb376d066aeb0d6716","14355159","1646863291","2022-03-09 22:01:31","0x4b8fe87ec97cee6b2855dd3ab742d074fe98cd30","0xa040f0bc08f27db307926551de47c79ebeb1820b","","0","0","0","0.001022789294374082","2.50715684662076","2733.05","","","Transfer From"
"0x0e518ce859584beca8522e887670e113e2e1375fd6d69011d53cb7ac0d3c6726","14355198","1646863783","2022-03-09 22:09:43","0x49e5c315d508994c3e690309ef06015bc3a70700","0xa040f0bc08f27db307926551de47c79ebeb1820b","","0.2","0","490.258719056122","0.004540278731423838","11.129556175128","2733.05","","","Buy"
"0x04ba413216791c3070cee2023f06fbd3635ca6dea8cff0df1cde036102d98e13","14355394","1646866166","2022-03-09 22:49:26","0x5cd7e5bea717a098eb3d0facf2e07533c57ad0a1","0xa040f0bc08f27db307926551de47c79ebeb1820b","","0.2","0","490.258719056122","0.00448706644873677","10.999117247387","2733.05","","","Buy"
"0xf50f7a31f74c1110b404e57e5b00641355fb13b12ec21053f675f39b256309dc","14355403","1646866254","2022-03-09 22:50:54","0x6d5d3799e026c186547e8ba26e5313ee82992f41","0xa040f0bc08f27db307926551de47c79ebeb1820b","","0.2","0","490.258719056122","0.004115322508218138","10.0878637069093","2733.05","","","Buy"
"0x746a1922faf0ca4495d18e06e9800c73fb36e25ac924f70fc9595302a5046264","14355418","1646866456","2022-03-09 22:54:16","0x49e5c315d508994c3e690309ef06015bc3a70700","0xa040f0bc08f27db307926551de47c79ebeb1820b","","0","0","0","0.0008759618743877","2.14723973239657","2733.05","","","Transfer From"
"0xeb90ff3e0ce4f9d51fbbfcaca8f7bf3422eea96dc03f937420d6b9ebb0f715fd","14355467","1646867001","2022-03-09 23:03:21","0x49e5c315d508994c3e690309ef06015bc3a70700","0xa040f0bc08f27db307926551de47c79ebeb1820b","","0","0","0","0.002722522837191878","6.67370279381365","2733.05","","","Transfer From"
"0x7efd488b0f1ad71508c7eabfca16b37c017a1dfea357de0e381d6096e6c032ef","14355755","1646870482","2022-03-10 00:01:22","0x3c838d9f1fb0f69d7578a3798bfddec2fe9264bd","0xa040f0bc08f27db307926551de47c79ebeb1820b","","0.2","0","490.258719056122","0.00499199211048033","12.2368382881118","2608.64","","","Buy"
"0x385fcfec5ca8bf877b0d6b933aeceeaa839e2f3b67e823391389480d02ce341f","14355826","1646871417","2022-03-10 00:16:57","0x6021d822977baf5a43bbfc5788fc29434483c9e3","0xa040f0bc08f27db307926551de47c79ebeb1820b","","0.6","0","1470.77615716837","0.004683931965716778","11.4816924282917","2608.64","","","Buy"
"0xe8ad79d1895d00bb5be8bffc2a92d04b1b5e3b1789d31f796e202648a84aae69","14355907","1646872408","2022-03-10 00:33:28","0x6b054b1d645b0aedca7160c7ec73bec38ed72dec","0xa040f0bc08f27db307926551de47c79ebeb1820b","","0.2","0","490.258719056122","0.005058365279598924","12.3995384124707","2608.64","","","Buy"
"0x4b66f90789c82a6a9b3fc37051deb62129704a6a4b86897c16417a85f827bbe9","14355921","1646872590","2022-03-10 00:36:30","0x6b054b1d645b0aedca7160c7ec73bec38ed72dec","0xa040f0bc08f27db307926551de47c79ebeb1820b","","0.1","0","245.129359528061","0.005623588290969558","13.7850659601487","2608.64","","","Buy"
"0xbc8a99a1768f4d86973c341cd6cd251db5c39afa769317406fa7d9444ac45421","14356229","1646877276","2022-03-10 01:54:36","0x0e29601486478eef58d189c9604add1b1c0da95d","0xa040f0bc08f27db307926551de47c79ebeb1820b","","0.2","0","490.258719056122","0.00885404270659764","21.7038581790238","2608.64","","","Buy"
"0x407b55dc38841f39e2a8b723cbeafbbfdbebf860c10f571f314afcc237a8745d","14356229","1646877276","2022-03-10 01:54:36","0x0e29601486478eef58d189c9604add1b1c0da95d","0xa040f0bc08f27db307926551de47c79ebeb1820b","","0.1","0","245.129359528061","0.00900118442506964","22.0645457311128","2608.64","","","Buy"
"0x74038ed7ee4a021c3f32131b4b75997c365d854868d5b5a3bfa9564298ef82b2","14356239","1646877430","2022-03-10 01:57:10","0x0e29601486478eef58d189c9604add1b1c0da95d","0xa040f0bc08f27db307926551de47c79ebeb1820b","","0.1","0","245.129359528061","0.009220159792171362","22.6013186460135","2608.64","","","Buy"
"0x06c139c30b476ff339460a59ad1a3a771c2c212f36a14e5bd45cdce40c285064","14356239","1646877430","2022-03-10 01:57:10","0xa40d8677173ea8971f477acb14e7f4e48c682e17","0xa040f0bc08f27db307926551de47c79ebeb1820b","","0.2","0","490.258719056122","0.009069438499023762","22.2318565054483","2608.64","","","Buy"
"0xfa271bbd0d8414b87da05e251758d4535e91ee04fa421ec95574943c0cd74b31","14356240","1646877452","2022-03-10 01:57:32","0xa40d8677173ea8971f477acb14e7f4e48c682e17","0xa040f0bc08f27db307926551de47c79ebeb1820b","","0.1","0","245.129359528061","0.010027842067888386","24.5811850355003","2608.64","","","Buy"
"0x803937c1da67dd79f9249c79e22edf4cb30dc5d2e055d31ff159a46c94ea4e08","14356302","1646878202","2022-03-10 02:10:02","0x0e29601486478eef58d189c9604add1b1c0da95d","0xa040f0bc08f27db307926551de47c79ebeb1820b","","0.1","0","245.129359528061","0.005664405821163114","13.8851217104873","2608.64","","","Buy"
"0x358e922ce2a89e794ac019165f7963338a650adab42c1652f71c7111159da234","14356306","1646878214","2022-03-10 02:10:14","0x0e29601486478eef58d189c9604add1b1c0da95d","0xa040f0bc08f27db307926551de47c79ebeb1820b","","0.1","0","245.129359528061","0.004477705992769514","10.9761720216255","2608.64","","","Buy"
"0xe756ed9b1d512c3202a12ca03abdc3d80509c8755b8b4101d5c5c228975c336a","14356367","1646879153","2022-03-10 02:25:53","0xfa25adcef614b72626ac57ceb47ff8b79d2edbe8","0xa040f0bc08f27db307926551de47c79ebeb1820b","","0.6","0","1470.77615716837","0.00593615135838378","14.5512498054225","2608.64","","","Buy"
"0x53d501197b96858a36d9109d06f794de745cbf8ccca4395829f1620e999d9430","14356544","1646881636","2022-03-10 03:07:16","0x89a432b5dfe7b863be58a1752318afe406a924a8","0xa040f0bc08f27db307926551de47c79ebeb1820b","","0.8","0","1961.03487622449","0.00912841054975467","22.3764143157056","2608.64","","","Buy"
"0x76daa453b9ffa4138179689625547bc90c5b15006dac1c6c131e08e002e4d24c","14356555","1646881811","2022-03-10 03:10:11","0x89a432b5dfe7b863be58a1752318afe406a924a8","0xa040f0bc08f27db307926551de47c79ebeb1820b","","0.1","0","245.129359528061","0.012403981982083626","30.4058015886577","2608.64","","","Buy"
"0x5148bdfaae16e98c3d7c3655a2408a276e424922acb91375db1204154d34e7fb","14356625","1646882824","2022-03-10 03:27:04","0x4fb8a20e465d10d26b4e7911f8f53e952f122982","0xa040f0bc08f27db307926551de47c79ebeb1820b","","0.2","0","490.258719056122","0.005404369141799784","13.247695463826","2608.64","","","Buy"
"0x7c628d815114af8a9825a68357dd0831c4412e02ca53a45cc07e8f9fbd480dfb","14356669","1646883329","2022-03-10 03:35:29","0x4fb8a20e465d10d26b4e7911f8f53e952f122982","0xa040f0bc08f27db307926551de47c79ebeb1820b","","0.1","0","245.129359528061","0.005057936188138344","12.3984865833215","2608.64","","","Buy"
"0x4aae101852e542bba0abc62d70774974da5b3327166d5d1059a7e0e77f91486f","14356743","1646884070","2022-03-10 03:47:50","0x4fb8a20e465d10d26b4e7911f8f53e952f122982","0xa040f0bc08f27db307926551de47c79ebeb1820b","","0.1","0","245.129359528061","0.003990982031510554","9.78306869272182","2608.64","","","Buy"
"0x936990c46fd9affe1ca9738f43ab833687a25e740be4e1964377cf9acf5decfb","14356821","1646885146","2022-03-10 04:05:46","0xd085eacd3d59e359124fe324b6baec928e3b159b","0xa040f0bc08f27db307926551de47c79ebeb1820b","","0","0","0","0.001222120694134989","2.99577663019299","2608.64","","","Set Approval For All"
"0xf67a5d0863b496543c7b3973f42d3579e48858cfa86fcf90c1b9fccdd0bf916d","14356826","1646885195","2022-03-10 04:06:35","0x77126cff9edece9c555b22c09c4aab85283b826a","0xa040f0bc08f27db307926551de47c79ebeb1820b","","0.2","0","490.258719056122","0.003783124406548308","9.27354862792163","2608.64","","","Buy"
"0x74f6ae7789c0fa82c8beb642261ab46b6c3270cfc59f5fb7bff53ba8155dd9b8","14356855","1646885694","2022-03-10 04:14:54","0xc8dc020ad01fb6190632a0a1b3e329c8433e2c0c","0xa040f0bc08f27db307926551de47c79ebeb1820b","","0.2","0","490.258719056122","0.004975290017818602","12.1958965553423","2608.64","","","Buy"
"0x1bda59e720e986ecf2cd5d5b8adff5ea6a08372717abbc467c66fb7696f67a43","14356859","1646885748","2022-03-10 04:15:48","0x77126cff9edece9c555b22c09c4aab85283b826a","0xa040f0bc08f27db307926551de47c79ebeb1820b","","0.1","0","245.129359528061","0.00482435452780068","11.8259093553608","2608.64","","","Buy"
"0xd3a4685b203b8156ab4b80c6bdc8e845c3b43fc3d729834d94c2b581548f16d3","14357077","1646888624","2022-03-10 05:03:44","0x37e553c95c7602c9a6f41cd1121e8e748e708e9d","0xa040f0bc08f27db307926551de47c79ebeb1820b","","0.2","0","490.258719056122","0.00441978151998798","10.8341821324861","2608.64","","","Buy"
"0xdbb272a7d431b5c75d33d837cb1ea99db93202f2f6cad8cc72dc743970ffa7e0","14357247","1646890951","2022-03-10 05:42:31","0x3429f9009cf07feaec48624ea9b621a0c36a381b","0xa040f0bc08f27db307926551de47c79ebeb1820b","","0.1","0","245.129359528061","0.00404770320333315","9.92210893792736","2608.64","","","Buy"
"0xb432d5693b3414bf3f9796da32aa73d05bee55b5e86f1d183d8f488a0c0c8320","14357309","1646891490","2022-03-10 05:51:30","0x2a76f08098792d20d70e4930cdb8e8cb896d8882","0xa040f0bc08f27db307926551de47c79ebeb1820b","","0.2","0","490.258719056122","0.003374963742433434","8.27302700613136","2608.64","","","Buy"
"0xb26b7d9a295c42e95a0f7d800e2fbbb3193d603d7faae1b59d524c4fde7d38c2","14357438","1646893080","2022-03-10 06:18:00","0xb85101f47caba04db4c23036f00bef44d246392e","0xa040f0bc08f27db307926551de47c79ebeb1820b","","0.2","0","490.258719056122","0.00283372288894755","6.9462867684772","2608.64","","","Buy"
"0xad712f1807234b11db8e501bddd7c932bee078baeb532488f4554dfb76a0e231","14357457","1646893369","2022-03-10 06:22:49","0x9f58b41dc95346ddd25074342c3a7c0789f3af5a","0xa040f0bc08f27db307926551de47c79ebeb1820b","","0.2","0","490.258719056122","0.003940838091549318","9.66015117385271","2608.64","","","Buy"
"0xadb62d9625ab90bf16471566a69e2ea3369606773ba73214ef91de0f0d1447af","14357524","1646894181","2022-03-10 06:36:21","0x2a76f08098792d20d70e4930cdb8e8cb896d8882","0xa040f0bc08f27db307926551de47c79ebeb1820b","","0","0","0","0.001094311051001201","2.68247767056404","2608.64","","","Set Approval For All"
"0x30b01b2b5238cf251573d943f01a8e7a300d591ecb6a56c3a78afc9f63b971d9","14357546","1646894527","2022-03-10 06:42:07","0x68bdfb9c606692f0e58162f2eb94a8e723f72f14","0xa040f0bc08f27db307926551de47c79ebeb1820b","","0.2","0","490.258719056122","0.00401050127297406","9.83091608430605","2608.64","","","Buy"
"0x412f6acea6b1df140d42cc125ca124a434c59921466b2371627a48be8bae3d66","14357556","1646894616","2022-03-10 06:43:36","0xce63c37a420d01cd139ebbca3fc6f8f1000a0b0d","0xa040f0bc08f27db307926551de47c79ebeb1820b","","0.2","0","490.258719056122","0.003374020694953038","8.27071531988262","2608.64","","","Buy"
"0x87777d92729df701541a703fe9da540afaeab9130ad8ca4bf40033cec6f27add","14357716","1646896797","2022-03-10 07:19:57","0xfe804f147a4937bcd0663c0a2880f6b175a87e60","0xa040f0bc08f27db307926551de47c79ebeb1820b","","0.2","0","490.258719056122","0.003904766945375526","9.57173020426246","2608.64","","","Buy"
"0x678b92add9bd6f07526f25b3373c29b1c1eec63a8045e7aea3ba54663750680a","14357950","1646899597","2022-03-10 08:06:37","0x3fc15721de9806dfd63d774f2ae5e635ca09b72e","0xa040f0bc08f27db307926551de47c79ebeb1820b","","0.2","0","490.258719056122","0.003464203345558404","8.49177947371698","2608.64","","","Buy"
"0x5e44f86e80e97bc150abeb0a93919d2f6210ca0e6fcbb4d5fe6620ea3834214a","14358024","1646900670","2022-03-10 08:24:30","0x77126cff9edece9c555b22c09c4aab85283b826a","0xa040f0bc08f27db307926551de47c79ebeb1820b","","0","0","0","0.000705183342178888","1.72861141018168","2608.64","Error(0)","Reverted","Transfer From"
"0xf67ab80d0180978ad90e5e59963e482884046e3add1b460e281aadd76e279399","14358029","1646900784","2022-03-10 08:26:24","0x77126cff9edece9c555b22c09c4aab85283b826a","0xa040f0bc08f27db307926551de47c79ebeb1820b","","0","0","0","0.000807653391506384","1.97979558580626","2608.64","Error(0)","Reverted","Transfer From"
"0xe1bd2c1ce3ad40099add8debf7117860b3d5dc60317d83703e887d2238998a16","14358036","1646900851","2022-03-10 08:27:31","0x77126cff9edece9c555b22c09c4aab85283b826a","0xa040f0bc08f27db307926551de47c79ebeb1820b","","0","0","0","0.000755413493702376","1.85174025890118","2608.64","Error(0)","Reverted","Transfer From"
"0x295e0442a36c937b919180f70e22d40cb666ad34879a90b1fbe9816d88b57932","14358045","1646901014","2022-03-10 08:30:14","0x77126cff9edece9c555b22c09c4aab85283b826a","0xa040f0bc08f27db307926551de47c79ebeb1820b","","0","0","0","0.00076417209706192","1.87321016722004","2608.64","Error(0)","Reverted","Transfer From"
"0x624502d263a134d67cc86b91ebf229bec05cfe4343faa429c2df253f8eeaf03d","14358774","1646911134","2022-03-10 11:18:54","0xbe67cec478ff089c7e1fd40ed8dc5dc59353bfaf","0xa040f0bc08f27db307926551de47c79ebeb1820b","","0.2","0","490.258719056122","0.003812143452746442","9.34468283000826","2608.64","","","Buy"
"0x823ce039d9e3ad6bfa456ced3cc36ce344b6e5cec0539fcd30489d1b58785220","14359058","1646915049","2022-03-10 12:24:09","0xd51034d7a9be4069cda3ad330fde66f4a43b46cc","0xa040f0bc08f27db307926551de47c79ebeb1820b","","0.2","0","490.258719056122","0.0053320791714732","13.0704915225614","2608.64","","","Buy"
"0x29a7fb4629d792247b4625542f47b866d331008814eb4ca6be0bf4d483319676","14359092","1646915594","2022-03-10 12:33:14","0x8695029b9199ddad0a9b9de5cb53f42586e7783a","0xa040f0bc08f27db307926551de47c79ebeb1820b","","0.2","0","490.258719056122","0.00728130545568684","17.8486174288069","2608.64","","","Buy"
"0x985f6eee3bc9053a4348d84aa536f2fc6d0c2296215b1dd03c41c0a4ef58d73f","14359341","1646918960","2022-03-10 13:29:20","0x1b8494b8427ea6864bbe422eaf4a7dfc4d355818","0xa040f0bc08f27db307926551de47c79ebeb1820b","","0.2","0","490.258719056122","0.00582519314661723","14.2792586515753","2608.64","","","Buy"
"0xfe764abba51a658cd6996541b5e0d7bc037003fb3f2cf866dc37e183ffc85f1c","14359372","1646919388","2022-03-10 13:36:28","0x8f8bd0e2cec269076d2414659ab00df476ecc2c3","0xa040f0bc08f27db307926551de47c79ebeb1820b","","0.2","0","490.258719056122","0.008144199802145274","19.9638248136843","2608.64","","","Buy"
"0x2e588065afd9d40bd65fc15cadab9d0bec975213218a5b88423b3f579bbdcf07","14359419","1646919900","2022-03-10 13:45:00","0xe8f51ceddf78c58061852b06a82390b4c963635c","0xa040f0bc08f27db307926551de47c79ebeb1820b","","0.2","0","490.258719056122","0.005260336502307744","12.8946291771278","2608.64","","","Buy"
"0x9c4f15d80b3f8722440f55a10a87922fa1720f0ea21181ed25e2c04a1866e928","14359676","1646923094","2022-03-10 14:38:14","0x7cf30b8ceeebedfce057bbd1683c6c4c6b6d1ef2","0xa040f0bc08f27db307926551de47c79ebeb1820b","","0.2","0","490.258719056122","0.00427190636856162","10.4716967208935","2608.64","","","Buy"
"0xafd79cd41292549194387eddb0d1335e62995f0e34b649ab4b4331415f9364f8","14359912","1646926403","2022-03-10 15:33:23","0xebb694ddd2b97058195adfdd4fa3f70eeb929a84","0xa040f0bc08f27db307926551de47c79ebeb1820b","","0.2","0","490.258719056122","0.007486641255023538","18.3519557586028","2608.64","","","Buy"
"0x4c9b955ade63a04bc16d5f4b550103b07cde821566c829c464aa04dc4e04bb37","14359964","1646927023","2022-03-10 15:43:43","0xd01cbdd01ac3e92d27c5f70cdc24ab13fdc2addb","0xa040f0bc08f27db307926551de47c79ebeb1820b","","0.4","0","980.517438112244","0.004853440277267388","11.8972070667425","2608.64","","","Buy"
"0x7731c54ab4bd217a9073376f0699a6d28812730564afb877274063cd293e46e8","14360095","1646928816","2022-03-10 16:13:36","0x46b14b74b501b842dae828354d55d0ad7cf85874","0xa040f0bc08f27db307926551de47c79ebeb1820b","","0.2","0","490.258719056122","0.005123919469272942","12.5602309777624","2608.64","","","Buy"
"0x47a289d41bd774e13db23e7371c86b6876dd6d5cc9811cd6c2f83b5c4fca0192","14360136","1646929467","2022-03-10 16:24:27","0x3b8f21f3444c52dcceae176b7c45cabebf64da6c","0xa040f0bc08f27db307926551de47c79ebeb1820b","","0.2","0","490.258719056122","0.005928567187538964","14.532658776005","2608.64","","","Buy"
"0x4c5ee8937414cb1254cf83e09437a49124ef154b03f1a1080d38cebc24e0f123","14360226","1646930553","2022-03-10 16:42:33","0x3606f528f79be8c8a5946150ad1e51b534474552","0xa040f0bc08f27db307926551de47c79ebeb1820b","","0","0","0","0.00114021404613644","2.79499938854325","2608.64","","","Set Approval For All"
"0x20c3ae39f20cc4b4367091969bf22c1c6fadfda6a79d2eebb353a63155d0377c","14360227","1646930568","2022-03-10 16:42:48","0xd0ff14686c5b6bfee5aab8d28b44675663009c45","0xa040f0bc08f27db307926551de47c79ebeb1820b","","0.2","0","490.258719056122","0.004441991339790372","10.8886249215201","2608.64","","","Buy"
"0x89400e43200e1d3bc36d293e01d5e632a1bf6bf9c5e2187df0441c7023a0f20f","14360247","1646930785","2022-03-10 16:46:25","0x7d4791172380d86ce49d51b03bc76e4aaba3d9ff","0xa040f0bc08f27db307926551de47c79ebeb1820b","","0.2","0","490.258719056122","0.004321404555131418","10.5930313086101","2608.64","","","Buy"
"0x27de4872484d021b2d3e4273ee1f3d24db1e3c259afdeec7c10d100bdc1aafb7","14360248","1646930820","2022-03-10 16:47:00","0xd0ff14686c5b6bfee5aab8d28b44675663009c45","0xa040f0bc08f27db307926551de47c79ebeb1820b","","0.1","0","245.129359528061","0.004769842128995916","11.6922834613073","2608.64","","","Buy"
"0xf14a5fe8f01fcae96967d6d16a15128c2afc61309c95d8022563c67d2ddd78be","14360248","1646930820","2022-03-10 16:47:00","0x7d4791172380d86ce49d51b03bc76e4aaba3d9ff","0xa040f0bc08f27db307926551de47c79ebeb1820b","","0.1","0","245.129359528061","0.004769842128995916","11.6922834613073","2608.64","","","Buy"
"0x64f1edb97f0ba3091b895f9d57448e913e2b54942c88525513edf4459ccce882","14360248","1646930820","2022-03-10 16:47:00","0x7d4791172380d86ce49d51b03bc76e4aaba3d9ff","0xa040f0bc08f27db307926551de47c79ebeb1820b","","0.1","0","245.129359528061","0.004769842128995916","11.6922834613073","2608.64","","","Buy"
"0x7a849573f47d2de97024dfe30f4cfe5b5d464f4ad9fd7a0e5bcc76e344436ff3","14360520","1646934406","2022-03-10 17:46:46","0x8fdc5b79095fc0baad4f488de18b32aee1bd1688","0xa040f0bc08f27db307926551de47c79ebeb1820b","","0.2","0","490.258719056122","0.00523133312951976","12.8235333951711","2608.64","","","Buy"
"0x63470eda8777a47e10f7514c7ef8cfda5ea6a5a8621ee809be31957fd2400a58","14360534","1646934611","2022-03-10 17:50:11","0xdec269a3b6098ee7103ad1106f05ac2b2596e1c1","0xa040f0bc08f27db307926551de47c79ebeb1820b","","0.2","0","490.258719056122","0.006855362652262008","16.8045065628158","2608.64","","","Buy"
"0x531a03515f6d08fa08d110f7df264846cbb7496d739788b69711fbbcbc4c2b17","14360685","1646936693","2022-03-10 18:24:53","0xdd1d72f9e71a7aebaa140293bbd239b661bd0eec","0xa040f0bc08f27db307926551de47c79ebeb1820b","","2","0","4902.58719056122","0.006130114019960628","15.0267092354694","2608.64","","","Buy"
"0x1ac55217876b66bd4e861fd9d805ab1a72d078b50d6eb6f45cb40652b0bf0dfd","14360687","1646936720","2022-03-10 18:25:20","0xdd1d72f9e71a7aebaa140293bbd239b661bd0eec","0xa040f0bc08f27db307926551de47c79ebeb1820b","","0.1","0","245.129359528061","0.00639890470293029","15.685594115104","2608.64","","","Buy"
"0x273f8588c3e8a9120c756e9ff2b1e254ca0cfe99a17440eb9c109421d0ac5e0f","14360825","1646938355","2022-03-10 18:52:35","0xce0a2e5f1cb6a85f5546b83413720165a3fa986f","0xa040f0bc08f27db307926551de47c79ebeb1820b","","0.2","0","490.258719056122","0.004250092838108874","10.4182253534043","2608.64","","","Buy"
"0xc4abd643cb1952b750fa383a974c28c9b0fa6f71f23f164875f2b463ac09117c","14360840","1646938535","2022-03-10 18:55:35","0xb84010fe020e2b886820a2fc6a3e1aa5df33228d","0xa040f0bc08f27db307926551de47c79ebeb1820b","","0.2","0","490.258719056122","0.003969915022629126","9.73142726877906","2608.64","","","Buy"
"0xe65afd4bec36d433207d7a41cdb41459b4fe1bfa284dc9a01904dcd6ff7829e0","14360871","1646938830","2022-03-10 19:00:30","0xb84010fe020e2b886820a2fc6a3e1aa5df33228d","0xa040f0bc08f27db307926551de47c79ebeb1820b","","0.1","0","245.129359528061","0.004260083970227958","10.4427165515774","2608.64","","","Buy"
"0x1e5a352b2c0c0dd42bb28f47b5982eed343f59ea8b3920c1bb079142460fdc4c","14360884","1646939029","2022-03-10 19:03:49","0xb84010fe020e2b886820a2fc6a3e1aa5df33228d","0xa040f0bc08f27db307926551de47c79ebeb1820b","","0.4","0","980.517438112244","0.005185963665269652","12.7123195180335","2608.64","","","Buy"
"0x30e2733d1dd98ec96577b0f91af5ee68953c61492c667dc9e1364a14b872ee99","14360888","1646939091","2022-03-10 19:04:51","0x85fb6a73d08b57e45f00d3abe6bef8ed89edba2d","0xa040f0bc08f27db307926551de47c79ebeb1820b","","0.2","0","490.258719056122","0.00557367821882388","13.662721719958","2608.64","","","Buy"
"0x984b70b139553c3d5b96dd68080727589603b07a055dc359aaecaef164bbb2c0","14361190","1646943209","2022-03-10 20:13:29","0x85fb6a73d08b57e45f00d3abe6bef8ed89edba2d","0xa040f0bc08f27db307926551de47c79ebeb1820b","","0.1","0","245.129359528061","0.006836689213491464","16.7587324819557","2608.64","","","Buy"
"0xf62ad84b3c0083948282e78a7fec56ed91677d3cfe251e073b6b4dbf9d7c0f07","14361882","1646952366","2022-03-10 22:46:06","0xdec269a3b6098ee7103ad1106f05ac2b2596e1c1","0xa040f0bc08f27db307926551de47c79ebeb1820b","","0","0","0","0.000966224562253804","2.36850008105556","2608.64","","","Transfer From"
"0x3a0566bab1e05568a340c36fb07853c7523e82d0d517aacd832e1d84dbaed5e0","14361899","1646952543","2022-03-10 22:49:03","0xdec269a3b6098ee7103ad1106f05ac2b2596e1c1","0xa040f0bc08f27db307926551de47c79ebeb1820b","","0","0","0","0.000729632203177332","1.78854274655907","2608.64","","","Transfer From"
"0x3450a3f432c27cfa448855b74ac1fa0e45e34ab44280b30518b223595040c0bf","14361951","1646953257","2022-03-10 23:00:57","0xdec269a3b6098ee7103ad1106f05ac2b2596e1c1","0xa040f0bc08f27db307926551de47c79ebeb1820b","","0","0","0","0.001162088138191234","2.84861921029974","2608.64","","","Transfer From"
"0xf068adb9534ed2a2697f53d0263ef93e60d3fe03f7d4087d4640ba3f4e58616f","14362019","1646954177","2022-03-10 23:16:17","0xdec269a3b6098ee7103ad1106f05ac2b2596e1c1","0xa040f0bc08f27db307926551de47c79ebeb1820b","","0","0","0","0.00109877111797397","2.69341060416891","2608.64","","","Transfer From"
"0x793ca8214525353237f5f6a1db8850825413e8e3abf67b69b2b0857790930b6f","14362096","1646955216","2022-03-10 23:33:36","0xdec269a3b6098ee7103ad1106f05ac2b2596e1c1","0xa040f0bc08f27db307926551de47c79ebeb1820b","","0","0","0","0.002018903445296812","4.94892508494603","2608.64","","","Transfer From"
"0xf5976a52806dbfc0b3bdf08e6a52514bf5d50b0943bdf4dd8beaa2f23f2ab73a","14372028","1647089069","2022-03-12 12:44:29","0xb810ac7be30336f5c2e73d3a7b90a9763722e261","0xa040f0bc08f27db307926551de47c79ebeb1820b","","0","0","0","0.001943852506171573","4.76495319854854","2569.87","","","Mint"
"0x0df25ceae792b25aea5e50456bc6a098b6270998902655c907228fe6d0f82b4b","14374091","1647116747","2022-03-12 20:25:47","0xc15c661a5ac08b18deb142fcfd7292e05f4434f2","0xa040f0bc08f27db307926551de47c79ebeb1820b","","0.003","0","7.35388078584183","0.000851940090830652","2.08835528821596","2569.87","Error(0)","Reverted","Buy"
"0x1ae7d03c75508500df97cc4c2966c4f54241f96b7c34f6b52145ba9edbad0169","14384722","1647260726","2022-03-14 12:25:26","0x83a74cb588459ccebaaea3ba3e00c648db2c9012","0xa040f0bc08f27db307926551de47c79ebeb1820b","","0","0","0","0.001322965143273438","3.24297598248567","2591.45","","","Transfer From"
"0x4a08a90ffd151f47234c62d1ce903f363a224bb76850e8220e62826a256fa9c2","14390587","1647339639","2022-03-15 10:20:39","0xb09d4753bfd9b2bed8d4ba79d04a29af9d9e0206","0xa040f0bc08f27db307926551de47c79ebeb1820b","","0","0","0","0.001100591749688247","2.69787350702948","2619.61","","","Safe Transfer From"
"0xf836b92b9892346d69a8a27932c7c140e2728ae2885171250906fddd64008fe0","14392422","1647363725","2022-03-15 17:02:05","0x39d5c20f53648ffdedfc065aea187a5d363e08ee","0xa040f0bc08f27db307926551de47c79ebeb1820b","","0.1","0","245.129359528061","0.00562737080347585","13.7943380088295","2619.61","","","Buy"
"0xe1fb37cf3850779447bac0ae190d92030378196ddc36c83e0937a737e7d99e98","14412958","1647640524","2022-03-18 21:55:24","0x77126cff9edece9c555b22c09c4aab85283b826a","0xa040f0bc08f27db307926551de47c79ebeb1820b","","0","0","0","0.00104398018785","2.55910194807655","2941.32","Error(0)","Out of gas","Transfer From"
"0xf65285d07782e96f4fe7e3ca5cb0539e53542b7450e639adf4d78b3a04f77a80","14425388","1647807781","2022-03-20 20:23:01","0xd085eacd3d59e359124fe324b6baec928e3b159b","0xa040f0bc08f27db307926551de47c79ebeb1820b","","0","0","0","0.002193442373248308","5.37677124116068","2861.26","","","Transfer From"
"0x5dd320426f479eb8bbb54ec5715c01e1687c391fbbe7d330b1b3e90e6ece0e02","14425398","1647807876","2022-03-20 20:24:36","0xd085eacd3d59e359124fe324b6baec928e3b159b","0xa040f0bc08f27db307926551de47c79ebeb1820b","","0","0","0","0.001884520654822056","4.61951341133933","2861.26","","","Transfer From"
"0xdac5e0541ddfba6d52e87f696cbdb5ae80b7bdbe896c8eb9dfe82e0f2fe15236","14435905","1647949392","2022-03-22 11:43:12","0xebb694ddd2b97058195adfdd4fa3f70eeb929a84","0xa040f0bc08f27db307926551de47c79ebeb1820b","","0","0","0","0.001288703173228328","3.1589898347524","2970.47","","","Set Approval For All"
"0xaf692a97cd2477d7e9594e8ae7fb9e8093cc23762adc66a50f5e190bbe299543","14449148","1648127314","2022-03-24 13:08:34","0x45d485064508ffbf20045486752407ccc858435e","0xa040f0bc08f27db307926551de47c79ebeb1820b","","0.1","0","245.129359528061","0.005962099690283646","14.6148567852168","3112.85","","","Buy"
"0x3db05c741fcc02923c352c7e780061e2f0dd0e20fa325f9b525e733a979cc861","14507690","1648915459","2022-04-02 16:04:19","0xebb694ddd2b97058195adfdd4fa3f70eeb929a84","0xa040f0bc08f27db307926551de47c79ebeb1820b","","0","0","0","0.005521418989991296","13.5346190070264","3444.68","","","Burn"
"0xd4b0f5ef60cb1443ac1011112ef282ed6c5ff84a46050a77e36ba250fb873459","14837614","1653422075","2022-05-24 19:54:35","0x2329e459506bc6c2b1f41b8c274fb934a01bb835","0xa040f0bc08f27db307926551de47c79ebeb1820b","","0","0","0","0.001208308102229316","2.96191791212039","1977.85","","","Set Approval For All"
"0xc98510bdeb978d9593f5f2deb370f0279445f0119467acdeb7b09f6339968d97","15338658","1660465572","2022-08-14 08:26:12","0xdaccf6a864e015eb6ddc6092f8dfa0a287b4a56f","0xa040f0bc08f27db307926551de47c79ebeb1820b","","0","0","0","0.000503679477316874","1.23466627682114","1936.02","","","Transfer From"
"0x89dcdc719441ef2b8ce5016b561f6d624fed51151f447b06d3ff4bb00c37f6ba","15558126","1663476155","2022-09-18 04:42:35","0x56d77fe0381f5f0a50b041243f976e9fd7f58ced","0xa040f0bc08f27db307926551de47c79ebeb1820b","","0.1","0","245.129359528061","0.000671072774810592","1.64499639486039","1334.30","","","Buy"
"0x9d3f8344904bfe2606cd519aa01f47379f49b0e868457db28dc2da0bb40f308e","16955068","1680361487","2023-04-01 15:04:47","0x2f413cc166ddbb7bf3d7ccfa8988d3544449104c","0xa040f0bc08f27db307926551de47c79ebeb1820b","","0","0","0","0.001199657931523556","2.94071380407128","1821.54","","","Transfer From"
