"Transaction Hash","Blockno","UnixTimestamp","DateTime (UTC)","From","To","ContractAddress","Value_IN(ETH)","Value_OUT(ETH)","CurrentValue @ $2514.14052473846/Eth","TxnFee(ETH)","TxnFee(USD)","Historical $Price/Eth","Status","ErrCode","Method"
"0xa4546673b4f39bc3ceee079e061cc4ff656d060cfcd36b8263aecf812ebd443f","18525228","1699422191","2023-11-08 05:43:11","0xe8ade8c1054989954c7fbc41d3df9c6649389bc3","","0xfefd05076a394f80c3e2bc10d8dca57c1584b2b0","0.000000000000000001","0","0.0000000000000025141405247385","0.034440396396364728","86.587996268157","1889.05","","","0x6101e060"
"0xfe11838ac980392775f3e0cc3752f2bca9167238ad6329ba4438e7e6d93225d6","18551612","1699741019","2023-11-11 22:16:59","0xe8ade8c1054989954c7fbc41d3df9c6649389bc3","0xfefd05076a394f80c3e2bc10d8dca57c1584b2b0","","0","0","0","0.022398505592685261","56.3129906041511","2053.53","Error(1)","execution reverted","Redeem"
"0x3a83b9b6a322acc3cc202ea7830829a244d207a5f08e912aed10f2924e28b48c","18551621","1699741127","2023-11-11 22:18:47","0xe8ade8c1054989954c7fbc41d3df9c6649389bc3","0xfefd05076a394f80c3e2bc10d8dca57c1584b2b0","","0","0","0","0.01859267020960287","46.7445856370601","2053.53","Error(1)","execution reverted","Redeem"
"0x163b24904d0ea8b96a305e44caabab9accfa13f226b6aad23527c4b28b80bf36","18551748","1699742651","2023-11-11 22:44:11","0xe8ade8c1054989954c7fbc41d3df9c6649389bc3","0xfefd05076a394f80c3e2bc10d8dca57c1584b2b0","","0","0","0","0.024811421287182134","62.3793997344631","2053.53","Error(1)","execution reverted","Redeem"
"0x26350a27159fa4cd9193696b01126025f165cd27c71835cb24e802e805170a20","18559230","1699833155","2023-11-12 23:52:35","0xe8ade8c1054989954c7fbc41d3df9c6649389bc3","0xfefd05076a394f80c3e2bc10d8dca57c1584b2b0","","0","0","0","0.020133388034493188","50.6181667578037","2045.40","Error(1)","execution reverted","Redeem"
"0xbf3ecc78e632ca445451cae0d9705a958d37bcad10f7d013213be67385f2d9a5","18559496","1699836383","2023-11-13 00:46:23","0xe8ade8c1054989954c7fbc41d3df9c6649389bc3","0xfefd05076a394f80c3e2bc10d8dca57c1584b2b0","","0","0","0","0.020402094231782547","51.2937318976573","2059.90","Error(1)","execution reverted","Redeem"
"0x2e069f9ffc6f38d4d57a18f7ee28ecb785eebaaa0e3145ca70cdae713a9551fd","18561474","1699860275","2023-11-13 07:24:35","0xe8ade8c1054989954c7fbc41d3df9c6649389bc3","0xfefd05076a394f80c3e2bc10d8dca57c1584b2b0","","0","0","0","0.022974323062100226","57.7606766388596","2059.90","Error(1)","execution reverted","Redeem"
"0x18fcd28e72f59e0dae9df99163f9afb7b3c313d5968558c91569f103d6602846","18563468","1699884431","2023-11-13 14:07:11","0xe8ade8c1054989954c7fbc41d3df9c6649389bc3","0xfefd05076a394f80c3e2bc10d8dca57c1584b2b0","","0","0","0","0.03746029312791108","94.1804410214629","2059.90","Error(1)","execution reverted","Redeem"
"0x771c87cee5b8bdb420dae47b5064c664545afc444cbc39d2e2873f139716c063","18563596","1699885979","2023-11-13 14:32:59","0xe8ade8c1054989954c7fbc41d3df9c6649389bc3","0xfefd05076a394f80c3e2bc10d8dca57c1584b2b0","","0","0","0","0.054880288426270684","137.976757141822","2059.90","Error(1)","execution reverted","Redeem"
"0xb0811899513158d267cb6b937d3099764227ee568341738797012e695bc94e2d","18563749","1699887815","2023-11-13 15:03:35","0xe8ade8c1054989954c7fbc41d3df9c6649389bc3","0xfefd05076a394f80c3e2bc10d8dca57c1584b2b0","","0","0","0","0.094241274095814596","236.935806307272","2059.90","Error(1)","execution reverted","Redeem"
"0x696606211ddb32a33d9da1013d3d3b12a3aa28004b6ad7d6235b0c2f1ff4611e","18567264","1699930187","2023-11-14 02:49:47","0xe8ade8c1054989954c7fbc41d3df9c6649389bc3","0xfefd05076a394f80c3e2bc10d8dca57c1584b2b0","","0","0","0","0.01932554866295742","48.5871450563464","1979.66","Error(1)","execution reverted","Redeem"
"0x97b5e7cca130f137b304a66800e8483ce8e6c71707dedf86e1eedd05af529d25","18570452","1699968635","2023-11-14 13:30:35","0xe8ade8c1054989954c7fbc41d3df9c6649389bc3","0xfefd05076a394f80c3e2bc10d8dca57c1584b2b0","","0","0","0","0.036350349842130584","91.3898876265208","1979.66","Error(1)","execution reverted","Redeem"
"0xcc389a4c0a74b8b486a31b04e916a9ba04e57809cb03445240a4f59f60a82855","18570453","1699968647","2023-11-14 13:30:47","0xe8ade8c1054989954c7fbc41d3df9c6649389bc3","0xfefd05076a394f80c3e2bc10d8dca57c1584b2b0","","0","0","0","0.03451104258005219","86.7656107014838","1979.66","Error(1)","execution reverted","Redeem"
"0xa16d84fd80935cd52cd2097f68c724a4c132016201cec002d142e7a3e065c253","18570455","1699968671","2023-11-14 13:31:11","0xe8ade8c1054989954c7fbc41d3df9c6649389bc3","0xfefd05076a394f80c3e2bc10d8dca57c1584b2b0","","0","0","0","0.038562319806599232","96.9510909536957","1979.66","Error(1)","execution reverted","Redeem"
"0xec9fa048b21bcf559311fed9b579a505e988e76948e8daa74b0a7a7b73188f67","18572080","1699988279","2023-11-14 18:57:59","0xe8ade8c1054989954c7fbc41d3df9c6649389bc3","0xfefd05076a394f80c3e2bc10d8dca57c1584b2b0","","0","0","0","0.074055949584577818","186.187063948575","1979.66","Error(1)","execution reverted","Redeem"
"0xc760ecda826e0135692482728fad12beab1a29103c5722f541ff20f4dffcf1d2","18576954","1700047259","2023-11-15 11:20:59","0xe8ade8c1054989954c7fbc41d3df9c6649389bc3","0xfefd05076a394f80c3e2bc10d8dca57c1584b2b0","","0","0","0","0.02727392637366408","68.5704835647619","2059.63","Error(1)","execution reverted","Redeem"
"0x49285020ae46bc41a38d8ca73f6e35dc47dac4de12e535dcb664a8a9975ea08d","18579013","1700072171","2023-11-15 18:16:11","0xe8ade8c1054989954c7fbc41d3df9c6649389bc3","0xfefd05076a394f80c3e2bc10d8dca57c1584b2b0","","0","0","0","0.031215881819830083","78.4811134986814","2059.63","Error(1)","execution reverted","Redeem"
"0x340a2d871b4600ab5df0e6be29c65adb57b7d0f420f99398b2250ee54a691a38","18579014","1700072183","2023-11-15 18:16:23","0xe8ade8c1054989954c7fbc41d3df9c6649389bc3","0xfefd05076a394f80c3e2bc10d8dca57c1584b2b0","","0","0","0","0.046507913404298234","116.927429810773","2059.63","Error(1)","execution reverted","Redeem"
"0x64eba5d0564469ff4dee58fd39de1808f00b9cc8b01c28a6c47b3f8714bbb0d1","18584152","1700134151","2023-11-16 11:29:11","0xe8ade8c1054989954c7fbc41d3df9c6649389bc3","0xfefd05076a394f80c3e2bc10d8dca57c1584b2b0","","0","0","0","0.02403775254359988","60.4342877934995","1961.54","Error(1)","execution reverted","Redeem"
"0xf3c52244bc45cc0660228b8bdad1693b5238b8c0a18afd99b2786e45c141a191","18588084","1700181647","2023-11-17 00:40:47","0xe8ade8c1054989954c7fbc41d3df9c6649389bc3","0xfefd05076a394f80c3e2bc10d8dca57c1584b2b0","","0","0","0","0.023005825448990104","57.8398780663654","1961.61","Error(1)","execution reverted","Redeem"
"0x5bb021442ebf36121a970a91535849ab948e485fddc4d7ee1d60d3ed7bb5058b","18591839","1700227043","2023-11-17 13:17:23","0xe8ade8c1054989954c7fbc41d3df9c6649389bc3","0xfefd05076a394f80c3e2bc10d8dca57c1584b2b0","","0","0","0","0.03064275991439232","77.040204490605","1961.61","Error(1)","execution reverted","Redeem"
"0x5e336213b043da1009f4cc8a77761566a19802f05d35f92e53a194008c376158","18592963","1700240615","2023-11-17 17:03:35","0xe8ade8c1054989954c7fbc41d3df9c6649389bc3","0xfefd05076a394f80c3e2bc10d8dca57c1584b2b0","","0","0","0","0.027434527167601467","68.9742565291051","1961.61","Error(1)","execution reverted","Redeem"
"0xfae3c21a3d6e3630778b1cc6210e69a8dcb95a84453eb0e085d549bac9279327","18594564","1700259959","2023-11-17 22:25:59","0xe8ade8c1054989954c7fbc41d3df9c6649389bc3","0xfefd05076a394f80c3e2bc10d8dca57c1584b2b0","","0","0","0","0.0223904257424653","56.2926767252792","1961.61","Error(1)","execution reverted","Redeem"
"0xab7922b91f1e5f131f1a8044ef70a3ceb48f2044d93e962a59205d5c90d282e7","18606715","1700407307","2023-11-19 15:21:47","0xe8ade8c1054989954c7fbc41d3df9c6649389bc3","0xfefd05076a394f80c3e2bc10d8dca57c1584b2b0","","0","0","0","0.015920307082557528","40.0258892025386","2012.46","Error(1)","execution reverted","Redeem"
"0xcb1b36f364910d14289a284c5926ad4088a7263e3cfbfb83e621a1b66a8889e4","18606731","1700407499","2023-11-19 15:24:59","0xe8ade8c1054989954c7fbc41d3df9c6649389bc3","0xfefd05076a394f80c3e2bc10d8dca57c1584b2b0","","0","0","0","0.013515453107271343","33.9797483671932","2012.46","Error(1)","execution reverted","Redeem"
"0xb5b4967680209dd7e33a62eb9ce94209bd98e6cfddaf82299dd99f31ee6f88a7","18606793","1700408243","2023-11-19 15:37:23","0xe8ade8c1054989954c7fbc41d3df9c6649389bc3","0xfefd05076a394f80c3e2bc10d8dca57c1584b2b0","","0","0","0","0.01366420796956325","34.3537389947332","2012.46","Error(1)","execution reverted","Redeem"
"0xa866805ebdf42940bf5975bd867cae5cd5b3f5b7205eada32856bc2dbd52be07","18606795","1700408279","2023-11-19 15:37:59","0xe8ade8c1054989954c7fbc41d3df9c6649389bc3","0xfefd05076a394f80c3e2bc10d8dca57c1584b2b0","","0","0","0","0.012623142181298025","31.7363533075368","2012.46","Error(1)","execution reverted","Redeem"
"0xa298c59a4a0c0de09a950e9fadcf1572f475e62ee62a616e7abc9349c162a9dc","18606797","1700408303","2023-11-19 15:38:23","0xe8ade8c1054989954c7fbc41d3df9c6649389bc3","0xfefd05076a394f80c3e2bc10d8dca57c1584b2b0","","0","0","0","0.013848892885344168","34.8180628258059","2012.46","Error(1)","execution reverted","Redeem"
"0xe3ab018d8ee46473dece16867ac7c9e5e4d925f9fbae6f0191ae73df28014fbf","18606975","1700410463","2023-11-19 16:14:23","0xe8ade8c1054989954c7fbc41d3df9c6649389bc3","0xfefd05076a394f80c3e2bc10d8dca57c1584b2b0","","0","0","0","0.011136058013592978","27.9976147378126","2012.46","Error(1)","execution reverted","Redeem"
"0x482a7ea235cbb0794e39284dc8229e235408f896bc6b4a87eb9562ccb1723a27","18613543","1700489879","2023-11-20 14:17:59","0xe8ade8c1054989954c7fbc41d3df9c6649389bc3","0xfefd05076a394f80c3e2bc10d8dca57c1584b2b0","","0","0","0","0.033898357980356526","85.2252355205057","2022.62","Error(1)","execution reverted","Redeem"
"0x1a6a9aeb47b469259266666762ca78f2a516f96d0ccf622d455e3138a4f327f6","18613817","1700493203","2023-11-20 15:13:23","0xe8ade8c1054989954c7fbc41d3df9c6649389bc3","0xfefd05076a394f80c3e2bc10d8dca57c1584b2b0","","0","0","0","0.023921738126682368","60.1426112464732","2022.62","Error(1)","execution reverted","Redeem"
"0x9a6d17785407c3d0d96506788b7c36a83a458cd18b2f6705353c1013ff045a8d","18613818","1700493215","2023-11-20 15:13:35","0xe8ade8c1054989954c7fbc41d3df9c6649389bc3","0xfefd05076a394f80c3e2bc10d8dca57c1584b2b0","","0","0","0","0.02582268317674825","64.9218542321449","2022.62","Error(1)","execution reverted","Redeem"
"0xfbee097aba0b28821f31e4018d17afe0355bed1b9f764c1ea22ad2ab9910383c","18620967","1700579735","2023-11-21 15:15:35","0xe8ade8c1054989954c7fbc41d3df9c6649389bc3","0xfefd05076a394f80c3e2bc10d8dca57c1584b2b0","","0","0","0","0.093971266721369765","236.256969825202","1933.76","Error(1)","execution reverted","Redeem"
"0x9ff2a5e0b9aac36c4ff56b4a0d24a17cfd23d5199bb798632d3505dce80c020a","18621146","1700581895","2023-11-21 15:51:35","0xe8ade8c1054989954c7fbc41d3df9c6649389bc3","0xfefd05076a394f80c3e2bc10d8dca57c1584b2b0","","0","0","0","0.049160877868404236","123.597355280673","1933.76","Error(1)","execution reverted","Redeem"
"0xe1ae5d67242691ba04def555b397e3b06da07afd4190730278acf0cce5947145","18629005","1700676995","2023-11-22 18:16:35","0xe8ade8c1054989954c7fbc41d3df9c6649389bc3","0xfefd05076a394f80c3e2bc10d8dca57c1584b2b0","","0","0","0","0.03187800979129168","80.1457962642958","2064.08","Error(1)","execution reverted","Redeem"
"0xffc7b674543cd04a7ae339502e7b9484a17fe3d1ff506813377cbd25910168bc","18633280","1700728631","2023-11-23 08:37:11","0xe8ade8c1054989954c7fbc41d3df9c6649389bc3","0xfefd05076a394f80c3e2bc10d8dca57c1584b2b0","","0","0","0","0.01502194116747942","37.767271049397","2062.63","Error(1)","execution reverted","Redeem"
"0x8c9482e5c218ddeeadca2552a9db0a498d2e0c18258d75ef47ecaa6db517c788","18633286","1700728703","2023-11-23 08:38:23","0xe8ade8c1054989954c7fbc41d3df9c6649389bc3","0xfefd05076a394f80c3e2bc10d8dca57c1584b2b0","","0","0","0","0.018346864978731872","46.1265967449346","2062.63","Error(1)","execution reverted","Redeem"
"0xc6a07f15fa0072b7fc9e44fa9e00583b9f9f638d2c0cfd1e380259fb13b1236a","18634262","1700740439","2023-11-23 11:53:59","0xe8ade8c1054989954c7fbc41d3df9c6649389bc3","0xfefd05076a394f80c3e2bc10d8dca57c1584b2b0","","0","0","0","0.021820608903026024","54.8600771175666","2062.63","Error(1)","execution reverted","Redeem"
"0x82bb3d19005447a4ec45e812c43568ae1ba4ef6466e45d3d66e10e1efae5981c","18635599","1700756603","2023-11-23 16:23:23","0xe8ade8c1054989954c7fbc41d3df9c6649389bc3","0xfefd05076a394f80c3e2bc10d8dca57c1584b2b0","","0","0","0","0.027877398769144272","70.0876979697997","2062.63","Error(1)","execution reverted","Redeem"
"0x407775878d5517a968ae3e4074e43eca17e9ac0875d802b29740af7e3bf9b36b","18635677","1700757539","2023-11-23 16:38:59","0xe8ade8c1054989954c7fbc41d3df9c6649389bc3","0xfefd05076a394f80c3e2bc10d8dca57c1584b2b0","","0","0","0","0.02657173767047275","66.8050824900551","2062.63","Error(1)","execution reverted","Redeem"
"0x9de72773b660efe180fd3a4b48c899e7bb764f5644e1953f24de1e3e5a0b09af","18638238","1700788571","2023-11-24 01:16:11","0xe8ade8c1054989954c7fbc41d3df9c6649389bc3","0xfefd05076a394f80c3e2bc10d8dca57c1584b2b0","","0","0","0","0.01798953096673664","45.22820882451","2082.24","Error(1)","execution reverted","Redeem"
"0x9093ab92f446f2ca0ddf6c00ae12d324f526a68d04b9235bdcfc1ff160fcc980","18640647","1700817815","2023-11-24 09:23:35","0xe8ade8c1054989954c7fbc41d3df9c6649389bc3","0xfefd05076a394f80c3e2bc10d8dca57c1584b2b0","","0","0","0","0.031128696702742118","78.2619178626564","2082.24","Error(1)","execution reverted","Redeem"
"0xd60b2956598530f3511fd0913e95f78919007d916c8633c83c7b436b3f4ebe9c","18640762","1700819195","2023-11-24 09:46:35","0xe8ade8c1054989954c7fbc41d3df9c6649389bc3","0xfefd05076a394f80c3e2bc10d8dca57c1584b2b0","","0","0","0","0.02586474269761122","65.0275977779975","2082.24","Error(1)","execution reverted","Redeem"
"0xccc495a01435d6742cda160a6d72081de5d0749adebc956908d310996a97ff53","18642271","1700837447","2023-11-24 14:50:47","0xe8ade8c1054989954c7fbc41d3df9c6649389bc3","0xfefd05076a394f80c3e2bc10d8dca57c1584b2b0","","0","0","0","0.027847319487429624","70.0120744286859","2082.24","Error(1)","execution reverted","Redeem"
"0x00aa2e73d1165503697681846efccac71a308fb18afc0c5b99ee8208ac1c1284","18642291","1700837687","2023-11-24 14:54:47","0xe8ade8c1054989954c7fbc41d3df9c6649389bc3","0xfefd05076a394f80c3e2bc10d8dca57c1584b2b0","","0","0","0","0.023284975714039408","58.5417010602173","2082.24","Error(1)","execution reverted","Redeem"
"0xd2df062531eabdd51b03b1c6bccab3b3f505325044abc16556c610d2dcbcb004","18642986","1700846063","2023-11-24 17:14:23","0xe8ade8c1054989954c7fbc41d3df9c6649389bc3","0xfefd05076a394f80c3e2bc10d8dca57c1584b2b0","","0","0","0","0.035219468713332924","88.5466935519486","2082.24","Error(1)","execution reverted","Redeem"
"0xbfc16e584759b51499850234f85c0a904753dd2da90dd78be6d10a9f0f1e88f6","18645562","1700877251","2023-11-25 01:54:11","0xe8ade8c1054989954c7fbc41d3df9c6649389bc3","0xfefd05076a394f80c3e2bc10d8dca57c1584b2b0","","0","0","0","0.013018240383944126","32.7296857100607","2084.06","Error(1)","execution reverted","Redeem"
"0x3e983b467836267b4f565f645785c139dc5c7da53f721f12ae97ee6745955676","18648668","1700914787","2023-11-25 12:19:47","0xe8ade8c1054989954c7fbc41d3df9c6649389bc3","0xfefd05076a394f80c3e2bc10d8dca57c1584b2b0","","0","0","0","0.02184405971253515","54.9190357480914","2084.06","Error(1)","execution reverted","Redeem"
"0xa64cb722fcb45fd18946e93024e99a1b889fa8ea0fbdcbdfeebb5d7c1c6e4294","18648847","1700916935","2023-11-25 12:55:35","0xe8ade8c1054989954c7fbc41d3df9c6649389bc3","0xfefd05076a394f80c3e2bc10d8dca57c1584b2b0","","0","0","0","0.013720072400747668","34.4941900250654","2084.06","Error(1)","execution reverted","Redeem"
"0x5aa06b3d40119820883930b40742d2a2f2dd7cc323b65042445a806933860f9b","18652848","1700965451","2023-11-26 02:24:11","0xe8ade8c1054989954c7fbc41d3df9c6649389bc3","0xfefd05076a394f80c3e2bc10d8dca57c1584b2b0","","0","0","0","0.014442199543628908","36.3097191389967","2063.01","Error(1)","execution reverted","Redeem"
"0x2fac45273a97632120b4033228f5d7299b82b938dc63d8c497cd9a3256a13ecc","18653539","1700973803","2023-11-26 04:43:23","0xe8ade8c1054989954c7fbc41d3df9c6649389bc3","0xfefd05076a394f80c3e2bc10d8dca57c1584b2b0","","0","0","0","0.01126871405158754","28.331130658786","2063.01","Error(1)","execution reverted","Redeem"
"0x4fa8624afec90d3b53386b25edc010c245f352a062ffc796a1e7341605e6392a","18653541","1700973827","2023-11-26 04:43:47","0xe8ade8c1054989954c7fbc41d3df9c6649389bc3","0xfefd05076a394f80c3e2bc10d8dca57c1584b2b0","","0","0","0","0.01857603827055609","46.7027706050976","2063.01","Error(1)","execution reverted","Redeem"
"0x004089d4b18e816acbda2a179f96415adffc5819597d074966c78bd13e70fec7","18653549","1700973923","2023-11-26 04:45:23","0xe8ade8c1054989954c7fbc41d3df9c6649389bc3","0xfefd05076a394f80c3e2bc10d8dca57c1584b2b0","","0","0","0","0.013483036766195512","33.8982491304307","2063.01","Error(1)","execution reverted","Redeem"
"0x9092d7ac8f8d3e4ee22378a99489d1041f1ddd632d17dd183ab40cdf9ed0d077","18653551","1700973947","2023-11-26 04:45:47","0xe8ade8c1054989954c7fbc41d3df9c6649389bc3","0xfefd05076a394f80c3e2bc10d8dca57c1584b2b0","","0","0","0","0.015259844363358986","38.3653931151226","2063.01","Error(1)","execution reverted","Redeem"
"0xe5c0226c00c7a7b4f9de98954d462fdd888918bf635de9d07619fd255cd17fb1","18653597","1700974499","2023-11-26 04:54:59","0xe8ade8c1054989954c7fbc41d3df9c6649389bc3","0xfefd05076a394f80c3e2bc10d8dca57c1584b2b0","","0","0","0","0.012482265870029648","31.3821704644013","2063.01","Error(1)","execution reverted","Redeem"
"0xd4578688ac74777dbc08cd941654f32c5fd1ce501d85675e96e618f9cc585b3a","18656660","1701011519","2023-11-26 15:11:59","0xe8ade8c1054989954c7fbc41d3df9c6649389bc3","0xfefd05076a394f80c3e2bc10d8dca57c1584b2b0","","0","0","0","0.02268692019761815","57.0381054503393","2063.01","Error(1)","execution reverted","Redeem"
"0xc3d7f010f3600e8b90095f1be35050641f894aa38b2a3eba2244779104f4509d","18658200","1701030227","2023-11-26 20:23:47","0xe8ade8c1054989954c7fbc41d3df9c6649389bc3","0xfefd05076a394f80c3e2bc10d8dca57c1584b2b0","","0","0","0","0.022007154858157875","55.3290798630896","2063.01","Error(1)","execution reverted","Redeem"
"0xce1e60348fa0cd4cff2195e512c8ba9bb1d7d9a4cd356e2dd6f9620385918c0b","18658327","1701031763","2023-11-26 20:49:23","0xe8ade8c1054989954c7fbc41d3df9c6649389bc3","0xfefd05076a394f80c3e2bc10d8dca57c1584b2b0","","0","0","0","0.030192313429229184","75.9077187280303","2063.01","Error(1)","execution reverted","Redeem"
"0x10fdaf3feebb20bbc8339f1e4b5b6690d7dba8ede4b775b595dabebc90b51b42","18661607","1701071483","2023-11-27 07:51:23","0xe8ade8c1054989954c7fbc41d3df9c6649389bc3","0xfefd05076a394f80c3e2bc10d8dca57c1584b2b0","","0","0","0","0.025678459637943329","64.5592559886142","2027.67","Error(1)","execution reverted","Redeem"
"0x16b38d614d6727966a79724aac308e63cde9e37eac5690be5e0a60f9ca2a1038","18661612","1701071543","2023-11-27 07:52:23","0xe8ade8c1054989954c7fbc41d3df9c6649389bc3","0xfefd05076a394f80c3e2bc10d8dca57c1584b2b0","","0","0","0","0.031738318257215507","79.794592117512","2027.67","Error(1)","execution reverted","Redeem"
"0x7dac1c9daf82b85a12118fd2aa40dccd14e3774d32bfa614669791428a8bd6f3","18663815","1701098207","2023-11-27 15:16:47","0xe8ade8c1054989954c7fbc41d3df9c6649389bc3","0xfefd05076a394f80c3e2bc10d8dca57c1584b2b0","","0","0","0","0.03858999838440896","97.0206787878343","2027.67","Error(1)","execution reverted","Redeem"
"0xaba1dbe8d7faf9eb47e1aaa620e044f9acb46b225cfe6f8c734a6559edef9c11","18664265","1701103631","2023-11-27 16:47:11","0xe8ade8c1054989954c7fbc41d3df9c6649389bc3","0xfefd05076a394f80c3e2bc10d8dca57c1584b2b0","","0","0","0","0.0487399729700547","122.539141218672","2027.67","Error(1)","execution reverted","Redeem"
"0x3ed5da6bfd53f4cbf9992be8e3f52d7caa5190fa50ba541b0c3a8a205591dd04","18665569","1701119447","2023-11-27 21:10:47","0xe8ade8c1054989954c7fbc41d3df9c6649389bc3","0xfefd05076a394f80c3e2bc10d8dca57c1584b2b0","","0","0","0","0.026168032161686966","65.7901101103566","2027.67","Error(1)","execution reverted","Redeem"
"0x0a665895e070471b9b36629dc9a984d3e75a53ff9c51be2d6ac32f5c38d64e1e","18665685","1701120839","2023-11-27 21:33:59","0xe8ade8c1054989954c7fbc41d3df9c6649389bc3","0xfefd05076a394f80c3e2bc10d8dca57c1584b2b0","","0","0","0","0.02365905684199472","59.4821935835497","2027.67","Error(1)","execution reverted","Redeem"
"0x5558c065951017936f8235713d8c4e64988985a67806d4b4192ce056a91ecb26","18666319","1701128507","2023-11-27 23:41:47","0xe8ade8c1054989954c7fbc41d3df9c6649389bc3","0xfefd05076a394f80c3e2bc10d8dca57c1584b2b0","","0","0","0","0.025275833353515745","63.54699693061","2027.67","Error(1)","execution reverted","Redeem"
"0x46d0039ffc47fd1166d7b737c861578ea8bd7019d52d19bad10448e40ed0d091","18668290","1701152327","2023-11-28 06:18:47","0xe8ade8c1054989954c7fbc41d3df9c6649389bc3","0xfefd05076a394f80c3e2bc10d8dca57c1584b2b0","","0","0","0","0.02253198949264022","56.6485878864279","2049.10","Error(1)","execution reverted","Redeem"
"0xcaa7226126000dbdf12f222adbaaa22db39f4eb1b84bc06e6c2fc67fe1c5950f","18668294","1701152375","2023-11-28 06:19:35","0xe8ade8c1054989954c7fbc41d3df9c6649389bc3","0xfefd05076a394f80c3e2bc10d8dca57c1584b2b0","","0","0","0","0.02951422950824454","74.2029204631093","2049.10","Error(1)","execution reverted","Redeem"
"0x0c774442d5c56e51e7c9500d394b7a596df3843b3f08953efab7fdff14014f18","18668296","1701152399","2023-11-28 06:19:59","0xe8ade8c1054989954c7fbc41d3df9c6649389bc3","0xfefd05076a394f80c3e2bc10d8dca57c1584b2b0","","0","0","0","0.019635544810815768","49.3665189341899","2049.10","Error(1)","execution reverted","Redeem"
"0x91ea1b0c190d4084e8e8c756897976a08ae7a16686bee4094fa46d96953f158c","18669802","1701170639","2023-11-28 11:23:59","0xe8ade8c1054989954c7fbc41d3df9c6649389bc3","0xfefd05076a394f80c3e2bc10d8dca57c1584b2b0","","0","0","0","0.017818852044413616","44.799098029179","2049.10","Error(1)","execution reverted","Redeem"
"0xb908fc149f2a4fef2c04f3ad919457abdf6e4f92553f4a6903a240ec1de5a481","18670437","1701178295","2023-11-28 13:31:35","0xe8ade8c1054989954c7fbc41d3df9c6649389bc3","0xfefd05076a394f80c3e2bc10d8dca57c1584b2b0","","0","0","0","0.020637816599691495","51.8863710554045","2049.10","Error(1)","execution reverted","Redeem"
"0x33de8aa370a884f6294435188d180b38142b7a4216d29db18078b0e4f7e54f5c","18670442","1701178355","2023-11-28 13:32:35","0xe8ade8c1054989954c7fbc41d3df9c6649389bc3","0xfefd05076a394f80c3e2bc10d8dca57c1584b2b0","","0","0","0","0.032068569115041222","80.6248891825013","2049.10","Error(1)","execution reverted","Redeem"
"0x26935ea927f53e7278ea7b6ae1fe7f7a24ec6088c5ce5f9ef1e3fd63712c857f","18670444","1701178379","2023-11-28 13:32:59","0xe8ade8c1054989954c7fbc41d3df9c6649389bc3","0xfefd05076a394f80c3e2bc10d8dca57c1584b2b0","","0","0","0","0.039224521603899528","98.615959327843","2049.10","Error(1)","execution reverted","Redeem"
"0xe0a1500ba1dda7c1adb4061ab1eb911028d5a7d4f6f54c0ab4176bafb2df53ef","18671389","1701189863","2023-11-28 16:44:23","0xe8ade8c1054989954c7fbc41d3df9c6649389bc3","0xfefd05076a394f80c3e2bc10d8dca57c1584b2b0","","0","0","0","0.03988757445855585","100.282967379778","2049.10","Error(1)","execution reverted","Redeem"
"0xebd63857481cba99e6b3cf8d30e23080722c62f52e73537bfa5de00b4d09467b","18671401","1701190007","2023-11-28 16:46:47","0xe8ade8c1054989954c7fbc41d3df9c6649389bc3","0xfefd05076a394f80c3e2bc10d8dca57c1584b2b0","","0","0","0","0.045587663208324072","114.613791500176","2049.10","Error(1)","execution reverted","Redeem"
"0x4f5b0314a70c588df9796e3c8b503c99d71eef8c815a75fc51d4fcc276f6c768","18671589","1701192263","2023-11-28 17:24:23","0xe8ade8c1054989954c7fbc41d3df9c6649389bc3","0xfefd05076a394f80c3e2bc10d8dca57c1584b2b0","","0","0","0","0.04345625315386588","109.255127107428","2049.10","Error(1)","execution reverted","Redeem"
"0x3fcebf4660beebba120da373da402429628eeeee5dc2078ca6dd644c8c194894","18672272","1701200507","2023-11-28 19:41:47","0xe8ade8c1054989954c7fbc41d3df9c6649389bc3","0xfefd05076a394f80c3e2bc10d8dca57c1584b2b0","","0","0","0","0.057308565210100256","144.08178620933","2049.10","Error(1)","execution reverted","Redeem"
"0x23af91eaf8ae6ff5d0d1b2477681f4087b9c183e7b57fa29bb0aa5f8ac856811","18675597","1701240731","2023-11-29 06:52:11","0xe8ade8c1054989954c7fbc41d3df9c6649389bc3","0xfefd05076a394f80c3e2bc10d8dca57c1584b2b0","","0","0","0","0.0390893795304048","98.2761931642727","2029.17","Error(1)","execution reverted","Redeem"
"0xb7112d7e8ff7ca743b46b978f044f2100650d753a111d452391403f95c2a3f7e","18676196","1701247943","2023-11-29 08:52:23","0xe8ade8c1054989954c7fbc41d3df9c6649389bc3","0xfefd05076a394f80c3e2bc10d8dca57c1584b2b0","","0","0","0","0.029744677340654505","74.7822986974093","2029.17","Error(1)","execution reverted","Redeem"
"0xf829ef3390efe80f4f8ac334930e2cd2020649cab29952210ccc9d2932cbad25","18681500","1701311999","2023-11-30 02:39:59","0xe8ade8c1054989954c7fbc41d3df9c6649389bc3","0xfefd05076a394f80c3e2bc10d8dca57c1584b2b0","","0","0","0","0.040492836917278416","101.804682255355","2052.93","Error(1)","execution reverted","Redeem"
"0x519cb9f81aca4bfaea412d7ac2353d03b8d58ee78d02caf18e918b71c990b84a","18681536","1701312431","2023-11-30 02:47:11","0xe8ade8c1054989954c7fbc41d3df9c6649389bc3","0xfefd05076a394f80c3e2bc10d8dca57c1584b2b0","","0","0","0","0.035174855671521944","88.4345300955998","2052.93","Error(1)","execution reverted","Redeem"
"0xf18f371bde86259497779ae92a44d22a9ddd954fb0152dde4fed3516ae9e0527","18685714","1701362975","2023-11-30 16:49:35","0xe8ade8c1054989954c7fbc41d3df9c6649389bc3","0xfefd05076a394f80c3e2bc10d8dca57c1584b2b0","","0","0","0","0.026062674860809053","65.5252270506423","2052.93","Error(1)","execution reverted","Redeem"
"0xce3cd93337590b49c6ea8a81f17d03c512f44418687b218635133b0f8c3390ed","18687752","1701387611","2023-11-30 23:40:11","0xe8ade8c1054989954c7fbc41d3df9c6649389bc3","0xfefd05076a394f80c3e2bc10d8dca57c1584b2b0","","0","0","0","0.026695631564333172","67.1165691493772","2052.93","Error(1)","execution reverted","Redeem"
"0x50dde12309470c67c12e9d1300a3bc8714cb31fdef31f1626a5739c709b5796f","18687794","1701388127","2023-11-30 23:48:47","0xe8ade8c1054989954c7fbc41d3df9c6649389bc3","0xfefd05076a394f80c3e2bc10d8dca57c1584b2b0","","0","0","0","0.029940177310479716","75.273813094132","2052.93","Error(1)","execution reverted","Redeem"
"0x4cf013ddb5430fae359178297986d7da3c46021eb7be5078fe5abb4842ab3e9d","18687795","1701388139","2023-11-30 23:48:59","0xe8ade8c1054989954c7fbc41d3df9c6649389bc3","0xfefd05076a394f80c3e2bc10d8dca57c1584b2b0","","0","0","0","0.023398203375639108","58.8263713127665","2052.93","Error(1)","execution reverted","Redeem"
"0x5cfb3fe9a7a015eaf00fbec91d515a59f1d949be04e313b0c86971b5e877b08c","18687798","1701388175","2023-11-30 23:49:35","0xe8ade8c1054989954c7fbc41d3df9c6649389bc3","0xfefd05076a394f80c3e2bc10d8dca57c1584b2b0","","0","0","0","0.022774401942320318","57.2580468498698","2052.93","Error(1)","execution reverted","Redeem"
"0x8c0dfd8d99cf4aee818b2629882261a0babdeefb178e302d4aec770fed0a718f","18688241","1701393539","2023-12-01 01:18:59","0xe8ade8c1054989954c7fbc41d3df9c6649389bc3","0xfefd05076a394f80c3e2bc10d8dca57c1584b2b0","","0","0","0","0.0244232554088425","61.4034961694087","2088.21","Error(1)","execution reverted","Redeem"
"0xfbd35f59d0e4404c080d594bee4dd8c4c5ae3a4169856bbf341be1e902bf4915","18699644","1701531275","2023-12-02 15:34:35","0xe8ade8c1054989954c7fbc41d3df9c6649389bc3","0xfefd05076a394f80c3e2bc10d8dca57c1584b2b0","","0","0","0","0.038630341451163756","97.1221069268547","2165.60","Error(1)","execution reverted","Redeem"
"0x8aae3c83dab6a0e1ae288f31276d012ac55c045c9f4d3e7022b6523d9691f6fe","18699741","1701532439","2023-12-02 15:53:59","0xe8ade8c1054989954c7fbc41d3df9c6649389bc3","0xfefd05076a394f80c3e2bc10d8dca57c1584b2b0","","0","0","0","0.025485940024992944","64.0752346278887","2165.60","Error(1)","execution reverted","Redeem"
"0x3601ae2cd50c55260e9b78cfa7fe1b5151e1dd1b19f1cb41b31db4d4a04996f3","18706079","1701609095","2023-12-03 13:11:35","0xe8ade8c1054989954c7fbc41d3df9c6649389bc3","0xfefd05076a394f80c3e2bc10d8dca57c1584b2b0","","0","0","0","0.0306534013922664","77.0669586613713","2193.78","Error(1)","execution reverted","Redeem"
"0xc01b0a3ea882ddcd539d89090d7dc6671c57c32397c8ce49105b0e28b520e939","18707772","1701629675","2023-12-03 18:54:35","0xe8ade8c1054989954c7fbc41d3df9c6649389bc3","0xfefd05076a394f80c3e2bc10d8dca57c1584b2b0","","0","0","0","0.02255400705006201","56.7039431197978","2193.78","Error(1)","execution reverted","Redeem"
"0xd52e02dc37b6bb336d603fba8c4f3539052a8141b10e16a490dbd68a62e8582a","18708797","1701642059","2023-12-03 22:20:59","0xe8ade8c1054989954c7fbc41d3df9c6649389bc3","0xfefd05076a394f80c3e2bc10d8dca57c1584b2b0","","0","0","0","0.033348993681260838","83.8440564733047","2193.78","Error(1)","execution reverted","Redeem"
"0xff337ac46317f09f23717403f43d0c37a2a4a1b29fdb0830be33427ce37e821c","18709715","1701653207","2023-12-04 01:26:47","0xe8ade8c1054989954c7fbc41d3df9c6649389bc3","0xfefd05076a394f80c3e2bc10d8dca57c1584b2b0","","0","0","0","0.033214570631932914","83.5060980375305","2243.25","Error(1)","execution reverted","Redeem"
"0x66dc43fcc326c69c856f866268bb1a88d6b6bfd45087bed36113d8a70015bc72","18713117","1701694319","2023-12-04 12:51:59","0xe8ade8c1054989954c7fbc41d3df9c6649389bc3","0xfefd05076a394f80c3e2bc10d8dca57c1584b2b0","","0","0","0","0.03159785648671228","79.4414514881134","2243.25","Error(1)","execution reverted","Redeem"
"0xf5d0ab09a822ccd350e9b36be41c8611b73b5d7f14161c01775d1404712a902c","18741279","1702035323","2023-12-08 11:35:23","0xe8ade8c1054989954c7fbc41d3df9c6649389bc3","0xfefd05076a394f80c3e2bc10d8dca57c1584b2b0","","0","0","0","0.07570522779400704","190.33358113147","2358.94","Error(1)","execution reverted","Redeem"
"0x01c7deec78c9c37677bc20546baa94108d400c2c49cd15b20664e8927fea6724","18742304","1702047719","2023-12-08 15:01:59","0xe8ade8c1054989954c7fbc41d3df9c6649389bc3","0xfefd05076a394f80c3e2bc10d8dca57c1584b2b0","","0","0","0","0.058318054114719693","146.619783173707","2358.94","Error(1)","execution reverted","Redeem"
"0x3bab8496044569512120d5c45b74feb605f57dbca4c0cc2a726e0f7bfba24775","18749597","1702136099","2023-12-09 15:34:59","0xe8ade8c1054989954c7fbc41d3df9c6649389bc3","0xfefd05076a394f80c3e2bc10d8dca57c1584b2b0","","0","0","0","0.047973631107591282","120.612450086449","2341.13","Error(1)","execution reverted","Redeem"
"0xf20323e207eb718cfb8a306024f78a2481323d92591960ca0f1496b65a195df7","18752368","1702169699","2023-12-10 00:54:59","0xe8ade8c1054989954c7fbc41d3df9c6649389bc3","0xfefd05076a394f80c3e2bc10d8dca57c1584b2b0","","0","0","0","0.022521234574419264","56.6215485106884","2352.31","Error(1)","execution reverted","Redeem"
"0x71867f41e7c32836c65d09e4aa9106470b0eae444e382a828492aa7b6f175c2b","18757594","1702232879","2023-12-10 18:27:59","0xe8ade8c1054989954c7fbc41d3df9c6649389bc3","0xfefd05076a394f80c3e2bc10d8dca57c1584b2b0","","0","0","0","0.037070532944442102","93.200529149274","2352.31","Error(1)","execution reverted","Redeem"
"0x625f7c4d2e7c909f7c4059f6dbee55e8563d497c5d41073321f443d50351666e","18757598","1702232927","2023-12-10 18:28:47","0xe8ade8c1054989954c7fbc41d3df9c6649389bc3","0xfefd05076a394f80c3e2bc10d8dca57c1584b2b0","","0","0","0","0.054721419448821756","137.577338207494","2352.31","Error(1)","execution reverted","Redeem"
"0x54647b13d9f4521ce67a4a47a85609ebd91f12e81d26e01307924d247c7a3481","18759911","1702260827","2023-12-11 02:13:47","0xe8ade8c1054989954c7fbc41d3df9c6649389bc3","0xfefd05076a394f80c3e2bc10d8dca57c1584b2b0","","0","0","0","0.069473237463501696","174.665481691768","2224.10","Error(1)","execution reverted","Redeem"
"0x52665f36a37da36d0ca716687836b97ae0019e5da8dfd8bf6fe770e3898442b8","18823619","1703032823","2023-12-20 00:40:23","0xe8ade8c1054989954c7fbc41d3df9c6649389bc3","0xfefd05076a394f80c3e2bc10d8dca57c1584b2b0","","0","0","0","0.02757370115512792","69.3241594911348","2202.03","Error(1)","execution reverted","Redeem"
"0xf2ca3ed92459baebfe57a4ec19acade5fd3cd2fe33692b8560e6d8dec45ca1c5","18824845","1703047715","2023-12-20 04:48:35","0xe8ade8c1054989954c7fbc41d3df9c6649389bc3","0xfefd05076a394f80c3e2bc10d8dca57c1584b2b0","","0","0","0","0.024092579367703572","60.5721301338213","2202.03","Error(1)","execution reverted","Redeem"
"0xffba20becb92ea9ca370bbf0103aec37e289c39dedb4690b697bc0311c6b947d","18827718","1703082539","2023-12-20 14:28:59","0xe8ade8c1054989954c7fbc41d3df9c6649389bc3","0xfefd05076a394f80c3e2bc10d8dca57c1584b2b0","","0","0","0","0.04558783429116666","114.614221626484","2202.03","Error(1)","execution reverted","Redeem"
"0x2dd5d3154feb946c7096e1be78448aa7d6b42a88f885e7ac8f43c78390ef6d1f","18827719","1703082551","2023-12-20 14:29:11","0xe8ade8c1054989954c7fbc41d3df9c6649389bc3","0xfefd05076a394f80c3e2bc10d8dca57c1584b2b0","","0","0","0","0.04172534151882318","104.903372021026","2202.03","Error(1)","execution reverted","Redeem"
"0x8e384c30e38717437722f595c84e40dfb3ca7a8db07652e288de72dbb39b5907","18834033","1703159207","2023-12-21 11:46:47","0xe8ade8c1054989954c7fbc41d3df9c6649389bc3","0xfefd05076a394f80c3e2bc10d8dca57c1584b2b0","","0","0","0","0.031273669400407544","78.6263995968377","2239.88","Error(1)","execution reverted","Redeem"
"0x9c117035290fd1429f7b51ef4d1dac80ea19b21401cde9df350a5e3b5fd268b0","18836957","1703194523","2023-12-21 21:35:23","0xe8ade8c1054989954c7fbc41d3df9c6649389bc3","0xfefd05076a394f80c3e2bc10d8dca57c1584b2b0","","0","0","0","0.042644229770370516","107.213586211947","2239.88","Error(1)","execution reverted","Redeem"
"0xfa71d0d46bf5639105a89f5a387614567ffd3fc95dc41c3f2b538db24031e268","18839037","1703219639","2023-12-22 04:33:59","0xe8ade8c1054989954c7fbc41d3df9c6649389bc3","0xfefd05076a394f80c3e2bc10d8dca57c1584b2b0","","0","0","0","0.024421546276694486","61.3991991710133","2326.53","Error(1)","execution reverted","Redeem"
"0xf5e5ceaace7aa56c622ac3d48f4bad182c2ce1959498ab7b93e77164ccea382d","18839812","1703229047","2023-12-22 07:10:47","0xe8ade8c1054989954c7fbc41d3df9c6649389bc3","0xfefd05076a394f80c3e2bc10d8dca57c1584b2b0","","0","0","0","0.020938089550271384","52.6412994489402","2326.53","Error(1)","execution reverted","Redeem"
"0x1ff84e862bbdebafdfd3b5c2b2f1cc67fc9324c3a20d602c8a69f1bbf5a59b35","18846234","1703306867","2023-12-23 04:47:47","0xe8ade8c1054989954c7fbc41d3df9c6649389bc3","0xfefd05076a394f80c3e2bc10d8dca57c1584b2b0","","0","0","0","0.016443335592876032","41.3408563759239","2309.54","Error(1)","execution reverted","Redeem"
"0x22acb99aaf9db46a3da1b6600b3119f30e2e70f949d5b03a2b7d925884f2c138","18846255","1703307119","2023-12-23 04:51:59","0xe8ade8c1054989954c7fbc41d3df9c6649389bc3","0xfefd05076a394f80c3e2bc10d8dca57c1584b2b0","","0","0","0","0.017429135042575246","43.8192947216776","2309.54","Error(1)","execution reverted","Redeem"
"0x69fa00b3dbce1617578623172437e4cf0db0d6d96bfcfaafc17cad0b8a8c7fc6","18850414","1703357507","2023-12-23 18:51:47","0xe8ade8c1054989954c7fbc41d3df9c6649389bc3","0xfefd05076a394f80c3e2bc10d8dca57c1584b2b0","","0","0","0","0.011824660291788942","29.7288576308523","2309.54","Error(1)","execution reverted","Redeem"
"0x0a3c1c78c1394c0b629759e47e00183b4920a3765562fae70302c819059395b2","18852335","1703380883","2023-12-24 01:21:23","0xe8ade8c1054989954c7fbc41d3df9c6649389bc3","0xfefd05076a394f80c3e2bc10d8dca57c1584b2b0","","0","0","0","0.018874075493522568","47.4520780652381","2265.42","Error(1)","execution reverted","Redeem"
"0x28d9e9c47ec1a1692338ee5a2c754ab0513c3bf0bf9d6431594fc4562cc6f3c3","18852337","1703380907","2023-12-24 01:21:47","0xe8ade8c1054989954c7fbc41d3df9c6649389bc3","0xfefd05076a394f80c3e2bc10d8dca57c1584b2b0","","0","0","0","0.01154299234141143","29.0207048222882","2265.42","Error(1)","execution reverted","Redeem"
"0x206bec8bab9a2ee92f09b9f444edbc88ea6c5c259ec6d7d7d4b000fc576d7508","18856468","1703431115","2023-12-24 15:18:35","0xe8ade8c1054989954c7fbc41d3df9c6649389bc3","0xfefd05076a394f80c3e2bc10d8dca57c1584b2b0","","0","0","0","0.021022989444974817","52.8547497147601","2265.42","Error(1)","execution reverted","Redeem"
"0xb401efddbdf4fe7a7ad4de7c4a979fdd8e89f60f9611397544c03a98b10f6db9","18858840","1703459855","2023-12-24 23:17:35","0xe8ade8c1054989954c7fbc41d3df9c6649389bc3","0xfefd05076a394f80c3e2bc10d8dca57c1584b2b0","","0","0","0","0.016936223012516805","42.5800446117766","2265.42","Error(1)","execution reverted","Redeem"
"0x14187a2f6f7dade93006e02b92269615ae2347a3a4612074b16caf27f57a3477","18859410","1703466767","2023-12-25 01:12:47","0xe8ade8c1054989954c7fbc41d3df9c6649389bc3","0xfefd05076a394f80c3e2bc10d8dca57c1584b2b0","","0","0","0","0.011398775163440908","28.6581225707891","2271.75","Error(1)","execution reverted","Redeem"
"0x7c21e83486098d098acb90c46b39b944dd10ae56f4e7366d5607c1f3fb621652","18862855","1703508647","2023-12-25 12:50:47","0xe8ade8c1054989954c7fbc41d3df9c6649389bc3","0xfefd05076a394f80c3e2bc10d8dca57c1584b2b0","","0","0","0","0.030575399788304524","76.8708516678561","2271.75","Error(1)","execution reverted","Redeem"
"0x9817ae2303a21e3d088e08e85660abee6d2e10b07dbd79bc31c8e2f90dc61116","18862856","1703508659","2023-12-25 12:50:59","0xe8ade8c1054989954c7fbc41d3df9c6649389bc3","0xfefd05076a394f80c3e2bc10d8dca57c1584b2b0","","0","0","0","0.022547493921449152","56.6875681992094","2271.75","Error(1)","execution reverted","Redeem"
"0xb4bab807d2e4980c884b8fcaba0f94c1bbf7a7867c9d52c324b8bfa94297b6c5","18868023","1703571419","2023-12-26 06:16:59","0xe8ade8c1054989954c7fbc41d3df9c6649389bc3","0xfefd05076a394f80c3e2bc10d8dca57c1584b2b0","","0","0","0","0.014537218926744448","36.5486112207232","2230.94","Error(1)","execution reverted","Redeem"
"0x90efd9dfd599f1356ae9c2e3aa9879aef522d3587480857d5c270e50bf62ded6","18869205","1703585663","2023-12-26 10:14:23","0xe8ade8c1054989954c7fbc41d3df9c6649389bc3","0xfefd05076a394f80c3e2bc10d8dca57c1584b2b0","","0","0","0","0.01809711968370678","45.4987019778493","2230.94","Error(1)","execution reverted","Redeem"
"0xa0c721ade25f784a04d1f911991b70127e4a54aaa32680990a5ee99dd7592435","18869211","1703585735","2023-12-26 10:15:35","0xe8ade8c1054989954c7fbc41d3df9c6649389bc3","0xfefd05076a394f80c3e2bc10d8dca57c1584b2b0","","0","0","0","0.01532392572841167","38.5265026718821","2230.94","Error(1)","execution reverted","Redeem"
"0x296404e76f6140887d6e552ef5360b6f11543fc38d4f608d8af849152e7e5824","18876739","1703676995","2023-12-27 11:36:35","0xe8ade8c1054989954c7fbc41d3df9c6649389bc3","0xfefd05076a394f80c3e2bc10d8dca57c1584b2b0","","0","0","0","0.031929196472713504","80.2744867743853","2380.34","Error(1)","execution reverted","Redeem"
"0xde27e87bad09e5e73a5aedebda008e03db1d3491b0c6f0391a3c3f700a5e99c4","18880182","1703718899","2023-12-27 23:14:59","0xe8ade8c1054989954c7fbc41d3df9c6649389bc3","0xfefd05076a394f80c3e2bc10d8dca57c1584b2b0","","0","0","0","0.021596881517594554","54.2975950313595","2380.34","Error(1)","execution reverted","Redeem"
"0x0897fc89d87d068fb7657b062ffa6f5f3ebb35d83b6d0ed02268ed24d8326616","18886118","1703790923","2023-12-28 19:15:23","0xe8ade8c1054989954c7fbc41d3df9c6649389bc3","0xfefd05076a394f80c3e2bc10d8dca57c1584b2b0","","0","0","0","0.030882183403970267","77.6421487883272","2345.44","Error(1)","execution reverted","Redeem"
"0x51af61d24f038bfda89761bae51950b2df708530faebed165c20ba1012fe8696","18886122","1703790971","2023-12-28 19:16:11","0xe8ade8c1054989954c7fbc41d3df9c6649389bc3","0xfefd05076a394f80c3e2bc10d8dca57c1584b2b0","","0","0","0","0.015269487415194825","38.3896371025252","2345.44","Error(1)","execution reverted","Redeem"
"0xe4c41ba4482f8aae5607eaa2b40f0633b57de0306490d6c472496d234074e41a","18887211","1703804099","2023-12-28 22:54:59","0xe8ade8c1054989954c7fbc41d3df9c6649389bc3","0xfefd05076a394f80c3e2bc10d8dca57c1584b2b0","","0","0","0","0.015969439045790266","40.149413862362","2345.44","Error(1)","execution reverted","Redeem"
"0xc2fe8bb03b5fef08a120ec3c4626b0f3e4ca35ce2bdf7c4729143ef7e0367481","18888609","1703821067","2023-12-29 03:37:47","0xe8ade8c1054989954c7fbc41d3df9c6649389bc3","0xfefd05076a394f80c3e2bc10d8dca57c1584b2b0","","0","0","0","0.016982966358135336","42.697563951258","2299.64","Error(1)","execution reverted","Redeem"
"0x3cd3a423c461274bffdd19791c030ef9c8368e0ed5f346fec05c0b3426c11b79","18894188","1703888855","2023-12-29 22:27:35","0xe8ade8c1054989954c7fbc41d3df9c6649389bc3","0xfefd05076a394f80c3e2bc10d8dca57c1584b2b0","","0","0","0","0.036192638223938112","90.993378456001","2299.64","Error(1)","execution reverted","Redeem"
"0xd84bcc33b35528b337ea63406aa826a70aa5ad595e729dbbf9237930bef0f1fc","18894189","1703888867","2023-12-29 22:27:47","0xe8ade8c1054989954c7fbc41d3df9c6649389bc3","0xfefd05076a394f80c3e2bc10d8dca57c1584b2b0","","0","0","0","0.014500340068696836","36.4558925891996","2299.64","Error(1)","execution reverted","Redeem"
"0xd7f9047a846fa96ed884238b9e269318be1293d87656f2c62abd7a409cfaf04c","18898813","1703945159","2023-12-30 14:05:59","0xe8ade8c1054989954c7fbc41d3df9c6649389bc3","0xfefd05076a394f80c3e2bc10d8dca57c1584b2b0","","0","0","0","0.013165404603467739","33.0996772381565","2291.65","Error(1)","execution reverted","Redeem"
"0x8a17f358001e108b4f3f2e15f6a510bce9ab25fb8f55418a3ead32c1c940902a","18899810","1703957219","2023-12-30 17:26:59","0xe8ade8c1054989954c7fbc41d3df9c6649389bc3","0xfefd05076a394f80c3e2bc10d8dca57c1584b2b0","","0","0","0","0.02424844018090976","60.9639861205216","2291.65","Error(1)","execution reverted","Redeem"
"0xbdbee9ef8a49c66a64dc8cd5dee760aa977263e2aae6bfd6cc7700a8dbb7b8e8","18903979","1704007739","2023-12-31 07:28:59","0xe8ade8c1054989954c7fbc41d3df9c6649389bc3","0xfefd05076a394f80c3e2bc10d8dca57c1584b2b0","","0","0","0","0.0120876413920752","30.3900290723223","2281.36","Error(1)","execution reverted","Redeem"
"0x2e4bda9bf7cbbf313536be691bfeafcf3a200088ca9eb8c97b5f886ce812bd36","18903981","1704007763","2023-12-31 07:29:23","0xe8ade8c1054989954c7fbc41d3df9c6649389bc3","0xfefd05076a394f80c3e2bc10d8dca57c1584b2b0","","0","0","0","0.010984268916599508","27.6159956178478","2281.36","Error(1)","execution reverted","Redeem"
"0x460b93f3795fda1eeed49b1589dd6c46fed71be0d1a465b580915d4d425fcb6d","18904542","1704014591","2023-12-31 09:23:11","0xe8ade8c1054989954c7fbc41d3df9c6649389bc3","0xfefd05076a394f80c3e2bc10d8dca57c1584b2b0","","0","0","0","0.008096225238592904","20.3550479697567","2281.36","Error(1)","execution reverted","Redeem"
"0xcb922e62aefd65afb1ea3732cecadf64e57fa546d753b2e73e02249bdaf1ceb6","18908399","1704061247","2023-12-31 22:20:47","0xe8ade8c1054989954c7fbc41d3df9c6649389bc3","0xfefd05076a394f80c3e2bc10d8dca57c1584b2b0","","0","0","0","0.01155992210213757","29.0632686198039","2281.36","Error(1)","execution reverted","Redeem"
"0xcd0e628cb75fe54860f542e5f9ede009aaebfca025fab3529267ec62865e78d7","18908427","1704061583","2023-12-31 22:26:23","0xe8ade8c1054989954c7fbc41d3df9c6649389bc3","0xfefd05076a394f80c3e2bc10d8dca57c1584b2b0","","0","0","0","0.010257483021818823","25.7887537469714","2281.36","Error(1)","execution reverted","Redeem"
"0x95bd4f8d37355f7a094704d77e463becc7a751fbcf1bf6ffab280f156324f0a4","18911751","1704101915","2024-01-01 09:38:35","0xe8ade8c1054989954c7fbc41d3df9c6649389bc3","0xfefd05076a394f80c3e2bc10d8dca57c1584b2b0","","0","0","0","0.009957708268638623","25.0350778917076","2352.65","Error(1)","execution reverted","Redeem"
"0xdcfed7e2cd0168f389d1f3c2471f8dc25aa0bd8034bb1e381d35ef789ed27e32","18911753","1704101939","2024-01-01 09:38:59","0xe8ade8c1054989954c7fbc41d3df9c6649389bc3","0xfefd05076a394f80c3e2bc10d8dca57c1584b2b0","","0","0","0","0.0073388440603746","18.4508852569239","2352.65","Error(1)","execution reverted","Redeem"
"0x7e92f66e2ff9c87fe9800e45502203416af079c799060537a2dca0789593a91b","18913534","1704123683","2024-01-01 15:41:23","0xe8ade8c1054989954c7fbc41d3df9c6649389bc3","0xfefd05076a394f80c3e2bc10d8dca57c1584b2b0","","0","0","0","0.009647664773703627","24.25558497666","2352.65","Error(1)","execution reverted","Redeem"
"0xeaebc76d017fbbf8d50ebd7b0e67476561ccac6339a5b8b276b8315b70b41308","18913542","1704123779","2024-01-01 15:42:59","0xe8ade8c1054989954c7fbc41d3df9c6649389bc3","0xfefd05076a394f80c3e2bc10d8dca57c1584b2b0","","0","0","0","0.01292750230294107","32.5015574234739","2352.65","Error(1)","execution reverted","Redeem"
"0x252a46ff178a20e2013dbcc52375ebb6a36f138d1d818e11090be7bbd48982c0","18913545","1704123815","2024-01-01 15:43:35","0xe8ade8c1054989954c7fbc41d3df9c6649389bc3","0xfefd05076a394f80c3e2bc10d8dca57c1584b2b0","","0","0","0","0.011463526012843833","28.8209153052842","2352.65","Error(1)","execution reverted","Redeem"
"0xe44a4263bbce96eadea7c3bc414e8b43525a05aaf1a8dbc50bf8462333d2f139","18916115","1704154991","2024-01-02 00:23:11","0xe8ade8c1054989954c7fbc41d3df9c6649389bc3","0xfefd05076a394f80c3e2bc10d8dca57c1584b2b0","","0","0","0","0.02693268212845876","67.7125475790575","2356.28","Error(1)","execution reverted","Redeem"
"0x4380053e4aaaea49b68823e69c8fece60508bb50dd8f806c4c56b3f7c72eaf55","18918211","1704180455","2024-01-02 07:27:35","0xe8ade8c1054989954c7fbc41d3df9c6649389bc3","0xfefd05076a394f80c3e2bc10d8dca57c1584b2b0","","0","0","0","0.010699037124328665","26.8988828099559","2356.28","Error(1)","execution reverted","Redeem"
"0xfdd31e0bd5705dd3a7ca27712c1fbe565de6700fc11078b515b8afb6f0a13534","18918462","1704183491","2024-01-02 08:18:11","0xe8ade8c1054989954c7fbc41d3df9c6649389bc3","0xfefd05076a394f80c3e2bc10d8dca57c1584b2b0","","0","0","0","0.011522448734546484","28.9690553077447","2356.28","Error(1)","execution reverted","Redeem"
"0x748c5687f531ba1df7e36d07270287b26807a4393f43612263863693461e5aef","18918464","1704183515","2024-01-02 08:18:35","0xe8ade8c1054989954c7fbc41d3df9c6649389bc3","0xfefd05076a394f80c3e2bc10d8dca57c1584b2b0","","0","0","0","0.01827038302774152","45.9343103725387","2356.28","Error(1)","execution reverted","Redeem"
"0xd381335e1b229861458ae9dd8881e44b1339fd678b11c37d8f5e1b8f904635e0","18920669","1704210311","2024-01-02 15:45:11","0xe8ade8c1054989954c7fbc41d3df9c6649389bc3","0xfefd05076a394f80c3e2bc10d8dca57c1584b2b0","","0","0","0","0.032947555217161782","82.8347837625245","2356.28","Error(1)","execution reverted","Redeem"
"0x9298a3bdcd35bea20e1c2ca389e526f1a9ab554946c294329fa44a1e01cbf2e9","18920895","1704213035","2024-01-02 16:30:35","0xe8ade8c1054989954c7fbc41d3df9c6649389bc3","0xfefd05076a394f80c3e2bc10d8dca57c1584b2b0","","0","0","0","0.020051689038035442","50.4127639999788","2356.28","Error(1)","execution reverted","Redeem"
"0x5a91c221157dd77e038ce9cac0f3fc2385737123be591f2ccb50e4aa28acd8d5","18920911","1704213227","2024-01-02 16:33:47","0xe8ade8c1054989954c7fbc41d3df9c6649389bc3","0xfefd05076a394f80c3e2bc10d8dca57c1584b2b0","","0","0","0","0.022348568586836472","56.1874419540625","2356.28","Error(1)","execution reverted","Redeem"
"0xb792bec4146268511692625583f679063e95f9db25775e7aeaa11850433077e9","18920948","1704213671","2024-01-02 16:41:11","0xe8ade8c1054989954c7fbc41d3df9c6649389bc3","0xfefd05076a394f80c3e2bc10d8dca57c1584b2b0","","0","0","0","0.02153082943068078","54.1315308029061","2356.28","Error(1)","execution reverted","Redeem"
"0xc241e9a3d017d1488e233387e2ebd732660455d73d2b34d62c0e9fe121da2314","18920953","1704213731","2024-01-02 16:42:11","0xe8ade8c1054989954c7fbc41d3df9c6649389bc3","0xfefd05076a394f80c3e2bc10d8dca57c1584b2b0","","0","0","0","0.018216900232800386","45.7998471104009","2356.28","Error(1)","execution reverted","Redeem"
"0x2665ee6c63afa9b5005f41d1b172da9bd1a155a87adb97ded2aea1c93c51201f","18920974","1704213995","2024-01-02 16:46:35","0xe8ade8c1054989954c7fbc41d3df9c6649389bc3","0xfefd05076a394f80c3e2bc10d8dca57c1584b2b0","","0","0","0","0.017598170303514119","44.2442731213138","2356.28","Error(1)","execution reverted","Redeem"
"0xbc023ded1137d6d609cd404c581c3d1526270a38ec9c9727c2363459e9839882","18921971","1704226055","2024-01-02 20:07:35","0xe8ade8c1054989954c7fbc41d3df9c6649389bc3","0xfefd05076a394f80c3e2bc10d8dca57c1584b2b0","","0","0","0","0.016294137876261455","40.9657523503848","2356.28","Error(1)","execution reverted","Redeem"
"0x473296c0cb177a9940e1cb90203df84f64337d2d84805e55fae74e3fa8897435","18923685","1704246791","2024-01-03 01:53:11","0xe8ade8c1054989954c7fbc41d3df9c6649389bc3","0xfefd05076a394f80c3e2bc10d8dca57c1584b2b0","","0","0","0","0.015330760503640374","38.5436862572621","2210.57","Error(1)","execution reverted","Redeem"
"0x094acb14412501b1834b0a6c3e2ba1689069d3a5e0a1defccb5bfd389e4d9a9e","18936000","1704395951","2024-01-04 19:19:11","0xe8ade8c1054989954c7fbc41d3df9c6649389bc3","0xfefd05076a394f80c3e2bc10d8dca57c1584b2b0","","0","0","0","0.013552701370678008","34.0733957357001","2269.47","Error(1)","execution reverted","Redeem"
"0x61d6aab97d79a3d951cb17ba4b0f05d89e8860e9112ffd675357c810f07ee111","19287062","1708652207","2024-02-23 01:36:47","0xe8ade8c1054989954c7fbc41d3df9c6649389bc3","0xfefd05076a394f80c3e2bc10d8dca57c1584b2b0","","0","0","0","0.027427583483294406","68.9567991309977","2922.10","Error(1)","execution reverted","Redeem"
"0x2a146d646dada91e1f7770d4b1daf77b416031df4896608f5809dd1a18d4d29a","19291550","1708706531","2024-02-23 16:42:11","0xe8ade8c1054989954c7fbc41d3df9c6649389bc3","0xfefd05076a394f80c3e2bc10d8dca57c1584b2b0","","0","0","0","0.048350395124599018","121.559687769871","2922.10","Error(1)","execution reverted","Redeem"
"0x64c8bf0c1c42c835330d95e6500daaf049397482a83f3cd22b8ed1783e539ce8","19293558","1708730807","2024-02-23 23:26:47","0xe8ade8c1054989954c7fbc41d3df9c6649389bc3","0xfefd05076a394f80c3e2bc10d8dca57c1584b2b0","","0","0","0","0.027010255881057435","67.9075788941218","2922.10","Error(1)","execution reverted","Redeem"
"0x78e9da0b426c02f6be30242aa1b603ff2f117b354b14e8cd3c0cf80be6c7b77c","19295127","1708749719","2024-02-24 04:41:59","0xe8ade8c1054989954c7fbc41d3df9c6649389bc3","0xfefd05076a394f80c3e2bc10d8dca57c1584b2b0","","0","0","0","0.02173294286709238","54.6396723839826","2992.35","Error(1)","execution reverted","Redeem"
"0x5069820d523824df374a25197f16986aef9cbe053294a096c929072afe14328a","19298844","1708794623","2024-02-24 17:10:23","0xe8ade8c1054989954c7fbc41d3df9c6649389bc3","0xfefd05076a394f80c3e2bc10d8dca57c1584b2b0","","0","0","0","0.041752804826902968","104.972418636812","2992.35","Error(1)","execution reverted","Redeem"
"0x98dc355405cac080446404d9fb5e81e44cce37a825cf7c41e55696ec9cf7e4b6","19298845","1708794635","2024-02-24 17:10:35","0xe8ade8c1054989954c7fbc41d3df9c6649389bc3","0xfefd05076a394f80c3e2bc10d8dca57c1584b2b0","","0","0","0","0.041306988439554912","103.851573590788","2992.35","Error(1)","execution reverted","Redeem"
"0x8392f97e503504f8372de783798e06a1157264428be864398396fc7006dac32e","19301497","1708826651","2024-02-25 02:04:11","0xe8ade8c1054989954c7fbc41d3df9c6649389bc3","0xfefd05076a394f80c3e2bc10d8dca57c1584b2b0","","0","0","0","0.01782109345364988","44.8047332469724","3112.81","Error(1)","execution reverted","Redeem"
"0xc2ed908696c4441d4914aa5410c9cf0015949658bcc33f594dd33cd9332439e2","19305226","1708871663","2024-02-25 14:34:23","0xe8ade8c1054989954c7fbc41d3df9c6649389bc3","0xfefd05076a394f80c3e2bc10d8dca57c1584b2b0","","0","0","0","0.022158199447756896","55.708827186843","3112.81","Error(1)","execution reverted","Redeem"
"0x4a36f8e5c6f3a2746d9f396e13f157a2bd7cfd7e48c5f899f0a2cae0799c0119","19305242","1708871855","2024-02-25 14:37:35","0xe8ade8c1054989954c7fbc41d3df9c6649389bc3","0xfefd05076a394f80c3e2bc10d8dca57c1584b2b0","","0","0","0","0.019619653058407116","49.3265648354502","3112.81","Error(1)","execution reverted","Redeem"
"0x45b54c288b3795025a1ce0f7274fbe6ad351547765f0929cb74cc1e0d0f88da2","19310536","1708935959","2024-02-26 08:25:59","0xe8ade8c1054989954c7fbc41d3df9c6649389bc3","0xfefd05076a394f80c3e2bc10d8dca57c1584b2b0","","0","0","0","0.030453613756520432","76.5646644700007","3178.24","Error(1)","execution reverted","Redeem"
"0x82ec61eb1b3fe040d26495b93480353f64fd39ea7d50173d92779da151abdb90","19310553","1708936163","2024-02-26 08:29:23","0xe8ade8c1054989954c7fbc41d3df9c6649389bc3","0xfefd05076a394f80c3e2bc10d8dca57c1584b2b0","","0","0","0","0.020365382379086277","51.2014331410554","3178.24","Error(1)","execution reverted","Redeem"
"0xdf0f407fe32b23261a330cb7aec29d3ea0ceecc22d4c61aa89e779256d5b009c","19315689","1708998263","2024-02-27 01:44:23","0xe8ade8c1054989954c7fbc41d3df9c6649389bc3","0xfefd05076a394f80c3e2bc10d8dca57c1584b2b0","","0","0","0","0.03285684536616594","82.6067264501429","3243.69","Error(1)","execution reverted","Redeem"
"0x4760d3c70aecbe8f26ecc5031f7efa5cf14877dd71e32abfcb287e54b3613414","19315691","1708998287","2024-02-27 01:44:47","0xe8ade8c1054989954c7fbc41d3df9c6649389bc3","0xfefd05076a394f80c3e2bc10d8dca57c1584b2b0","","0","0","0","0.04216784053917108","106.015876740239","3243.69","Error(1)","execution reverted","Redeem"
"0xc617a5e2db2e13133645a6195f9bd8c052909e93a22bc0399b8f4102f6785fa1","19318880","1709036795","2024-02-27 12:26:35","0xe8ade8c1054989954c7fbc41d3df9c6649389bc3","0xfefd05076a394f80c3e2bc10d8dca57c1584b2b0","","0","0","0","0.037940981195448501","95.3889583718169","3243.69","Error(1)","execution reverted","Redeem"
"0x89caeef7fdbb7cbf463061dff5d7a90cb4c373b05e5edcda5958260b2ca41dd2","19323631","1709094263","2024-02-28 04:24:23","0xe8ade8c1054989954c7fbc41d3df9c6649389bc3","0xfefd05076a394f80c3e2bc10d8dca57c1584b2b0","","0","0","0","0.02768982131613303","69.6161018936569","3386.34","Error(1)","execution reverted","Redeem"
"0x90e4bd1bd9d794a485922b085592d988c31fd571f3de5cfa87d1776415c43af2","19323658","1709094587","2024-02-28 04:29:47","0xe8ade8c1054989954c7fbc41d3df9c6649389bc3","0xfefd05076a394f80c3e2bc10d8dca57c1584b2b0","","0","0","0","0.024076939152842108","60.5328084358224","3386.34","Error(1)","execution reverted","Redeem"
"0x22e69e592f5ee2cebd20842ef4de8aaca41a64964b43c1e81d6be079d9326c30","19324553","1709105399","2024-02-28 07:29:59","0xe8ade8c1054989954c7fbc41d3df9c6649389bc3","0xfefd05076a394f80c3e2bc10d8dca57c1584b2b0","","0","0","0","0.02344132886415924","58.9347948511041","3386.34","Error(1)","execution reverted","Redeem"
"0xac4ae0c5e4b2fb8cbeb05738f1d03d3aaa66907ab0e52771e55bd208a112aaba","19324969","1709110427","2024-02-28 08:53:47","0xe8ade8c1054989954c7fbc41d3df9c6649389bc3","0xfefd05076a394f80c3e2bc10d8dca57c1584b2b0","","0","0","0","0.034657363835028298","87.1334828982498","3386.34","Error(1)","execution reverted","Redeem"
"0xec9194b026a34522f4595ff8fa39534df81fd380fd7e935f8eb65a36a85d139c","19326307","1709126735","2024-02-28 13:25:35","0xe8ade8c1054989954c7fbc41d3df9c6649389bc3","0xfefd05076a394f80c3e2bc10d8dca57c1584b2b0","","0","0","0","0.056503370102468814","142.057412558912","3386.34","Error(1)","execution reverted","Redeem"
"0x5a5ead5e8169e5df89bb3179ec6754faa070426565fb73fa01f76d6eb74384ea","19326750","1709132063","2024-02-28 14:54:23","0xe8ade8c1054989954c7fbc41d3df9c6649389bc3","0xfefd05076a394f80c3e2bc10d8dca57c1584b2b0","","0","0","0","0.051232999747471","128.806960869032","3386.34","Error(1)","execution reverted","Redeem"
"0x03286ea5598becfff095042e2964d65b4b4fde13d20a26e3b3891456592462d6","19327435","1709140355","2024-02-28 17:12:35","0xe8ade8c1054989954c7fbc41d3df9c6649389bc3","0xfefd05076a394f80c3e2bc10d8dca57c1584b2b0","","0","0","0","0.102609414901867326","257.974488224487","3386.34","Error(1)","execution reverted","Redeem"
"0x06135780ca46d8d392210f567a2e756e82b6e76b9597abd440219950831c3054","19327539","1709141603","2024-02-28 17:33:23","0xe8ade8c1054989954c7fbc41d3df9c6649389bc3","0xfefd05076a394f80c3e2bc10d8dca57c1584b2b0","","0","0","0","0.261090950413360917","656.41933907671","3386.34","Error(1)","execution reverted","Redeem"
"0x28f45fbb09cd159c14af2f33bd4d4d4cfd9aa9a587e7ce8abded65b6c6e39e3e","19327592","1709142239","2024-02-28 17:43:59","0xe8ade8c1054989954c7fbc41d3df9c6649389bc3","0xfefd05076a394f80c3e2bc10d8dca57c1584b2b0","","0","0","0","0.17077694242464364","429.357231640723","3386.34","Error(1)","execution reverted","Redeem"
"0x6a9356afe44988f463e12924684c6fd54f9b1deb56ac7cb17b7e4b5c117e7afb","19334450","1709225195","2024-02-29 16:46:35","0xe8ade8c1054989954c7fbc41d3df9c6649389bc3","0xfefd05076a394f80c3e2bc10d8dca57c1584b2b0","","0","0","0","0.069810680533216","175.513860988129","3342.24","Error(1)","execution reverted","Redeem"
"0xa9f7f658974cd84c6c1dbcbce5c5843a6f76cf645daaa161ffd61456fdb818d1","19334780","1709229203","2024-02-29 17:53:23","0xe8ade8c1054989954c7fbc41d3df9c6649389bc3","0xfefd05076a394f80c3e2bc10d8dca57c1584b2b0","","0","0","0","0.136934352796705058","344.272205595029","3342.24","Error(1)","execution reverted","Redeem"
"0x06cca0518111835c1422941e24e63c3796300860ac053d21c3c8c12fe1d6d042","19336695","1709252279","2024-03-01 00:17:59","0xe8ade8c1054989954c7fbc41d3df9c6649389bc3","0xfefd05076a394f80c3e2bc10d8dca57c1584b2b0","","0","0","0","0.051390077384800361","129.201876122572","3435.90","Error(1)","execution reverted","Redeem"
"0x7dc0f94c18daa87e2c63e5495bfb38e60de4b7f90b896e9e5982b7c5295b21ec","19339156","1709282003","2024-03-01 08:33:23","0xe8ade8c1054989954c7fbc41d3df9c6649389bc3","0xfefd05076a394f80c3e2bc10d8dca57c1584b2b0","","0","0","0","0.05004459105910033","125.819134425648","3435.90","Error(1)","execution reverted","Redeem"
"0xb95ea63b45ec8d54e5c04fc7d79f506adcb45b4345c4edeb8ae177f398020915","19341770","1709313539","2024-03-01 17:18:59","0xe8ade8c1054989954c7fbc41d3df9c6649389bc3","0xfefd05076a394f80c3e2bc10d8dca57c1584b2b0","","0","0","0","0.065835236030204712","165.519034859259","3435.90","Error(1)","execution reverted","Redeem"
"0x4379295cad37c8d6194cc7a6ad8d0ae8592c71c7b03caf1cd3ee773482bd062d","19343934","1709339555","2024-03-02 00:32:35","0xe8ade8c1054989954c7fbc41d3df9c6649389bc3","0xfefd05076a394f80c3e2bc10d8dca57c1584b2b0","","0","0","0","0.05141563635698616","129.266134970315","3422.26","Error(1)","execution reverted","Redeem"
"0x3c5f885050f61bcaf019926b2efc2646cd300ba0812b395fef24f61aa1e8f81a","19345640","1709360243","2024-03-02 06:17:23","0xe8ade8c1054989954c7fbc41d3df9c6649389bc3","0xfefd05076a394f80c3e2bc10d8dca57c1584b2b0","","0","0","0","0.027931601441744329","70.2239711055326","3422.26","Error(1)","execution reverted","Redeem"
"0x08825c427b5aad3ae91e5017d1226430b8f8294d63104ecadc6ad2533f6d1970","19352320","1709440871","2024-03-03 04:41:11","0xe8ade8c1054989954c7fbc41d3df9c6649389bc3","0xfefd05076a394f80c3e2bc10d8dca57c1584b2b0","","0","0","0","0.024981766867333424","62.8076724607315","3489.57","Error(1)","execution reverted","Redeem"
"0x77a3599c8f213d0aabb8e86d1a0b6451968a657efea1e84fa45d2a09b50a80cf","19353467","1709454707","2024-03-03 08:31:47","0xe8ade8c1054989954c7fbc41d3df9c6649389bc3","0xfefd05076a394f80c3e2bc10d8dca57c1584b2b0","","0","0","0","0.036189133489157208","90.9845670602599","3489.57","Error(1)","execution reverted","Redeem"
"0x51a7bd6e494fed84821118376492e94a64bfc87ccc9fb628a19abd9c1664e327","19353471","1709454755","2024-03-03 08:32:35","0xe8ade8c1054989954c7fbc41d3df9c6649389bc3","0xfefd05076a394f80c3e2bc10d8dca57c1584b2b0","","0","0","0","0.038950082460819894","97.925980756652","3489.57","Error(1)","execution reverted","Redeem"
"0x3f844bc0490abd8e37abadd018789b3f6460df48a0887d81e19376b41ae42a7e","19354557","1709467847","2024-03-03 12:10:47","0xe8ade8c1054989954c7fbc41d3df9c6649389bc3","0xfefd05076a394f80c3e2bc10d8dca57c1584b2b0","","0","0","0","0.026598943531342056","66.873481847377","3489.57","Error(1)","execution reverted","Redeem"
"0xa7554ad5991d0d4605befe0371331df4c50e9f7f380f8824c740c8eadfaf1a69","19355906","1709484155","2024-03-03 16:42:35","0xe8ade8c1054989954c7fbc41d3df9c6649389bc3","0xfefd05076a394f80c3e2bc10d8dca57c1584b2b0","","0","0","0","0.04679836603253613","117.657668533943","3489.57","Error(1)","execution reverted","Redeem"
"0x53d8ceb8bcd85df00b7faa7f1de34385dc0e845bf9efd74c3a2e11789f1223b5","19358335","1709513471","2024-03-04 00:51:11","0xe8ade8c1054989954c7fbc41d3df9c6649389bc3","0xfefd05076a394f80c3e2bc10d8dca57c1584b2b0","","0","0","0","0.080970573336144312","203.571399735708","3631.85","Error(1)","execution reverted","Redeem"
"0x341f0ab6ceed49c8aa058327ef64f969ef9d4582200043713420c70e7d2ab2f1","19384319","1709826839","2024-03-07 15:53:59","0xe8ade8c1054989954c7fbc41d3df9c6649389bc3","0xfefd05076a394f80c3e2bc10d8dca57c1584b2b0","","0","0","0","0.05200155292452018","130.739211556868","3874.46","Error(1)","execution reverted","Redeem"
"0x9fca02a9465711a4fb9a0e1196664ae619d2b7fd7f675021b668c886c9c996fb","19385667","1709843135","2024-03-07 20:25:35","0xe8ade8c1054989954c7fbc41d3df9c6649389bc3","0xfefd05076a394f80c3e2bc10d8dca57c1584b2b0","","0","0","0","0.060984991457728479","153.324838424704","3874.46","Error(1)","execution reverted","Redeem"
"0x211be75f785ae9355c75005eadb5ed38c662985a13c2cd1f7288a9ec1e83ad71","19391600","1709914823","2024-03-08 16:20:23","0xe8ade8c1054989954c7fbc41d3df9c6649389bc3","0xfefd05076a394f80c3e2bc10d8dca57c1584b2b0","","0","0","0","0.145204868926167552","365.065445356614","3891.97","Error(1)","execution reverted","Redeem"
"0xf14e86ae1f96e43dc765e2dd30a37020f38f7f0ec5635be3bda8347a8ac33099","19409655","1710133535","2024-03-11 05:05:35","0xe8ade8c1054989954c7fbc41d3df9c6649389bc3","0xfefd05076a394f80c3e2bc10d8dca57c1584b2b0","","0","0","0","0.03119339227470795","78.4245716219069","4065.75","Error(1)","execution reverted","Redeem"
"0x7e3be4cedce9ce190dccf7ef21e13d04a4526eac37e07fac46705d9d2addaa61","19409675","1710133775","2024-03-11 05:09:35","0xe8ade8c1054989954c7fbc41d3df9c6649389bc3","0xfefd05076a394f80c3e2bc10d8dca57c1584b2b0","","0","0","0","0.049876117518881368","125.395568270838","4065.75","Error(1)","execution reverted","Redeem"
"0x7b8c0974cf49f62e5f5d32240e883a1b33684785506e42db38c7c158c0d9b6d1","19409677","1710133799","2024-03-11 05:09:59","0xe8ade8c1054989954c7fbc41d3df9c6649389bc3","0xfefd05076a394f80c3e2bc10d8dca57c1584b2b0","","0","0","0","0.03090495246829536","77.6993934156573","4065.75","Error(1)","execution reverted","Redeem"
"0xebbf3f111003ba2e88eec6d37c463acca585254c18e0abefb43808e74639326f","19410235","1710140567","2024-03-11 07:02:47","0xe8ade8c1054989954c7fbc41d3df9c6649389bc3","0xfefd05076a394f80c3e2bc10d8dca57c1584b2b0","","0","0","0","0.04434566764699429","111.491240127892","4065.75","Error(1)","execution reverted","Redeem"
"0x0cd499f9587539221eb5c3537369314810747cbc542920143e10a55025483de6","19413598","1710181211","2024-03-11 18:20:11","0xe8ade8c1054989954c7fbc41d3df9c6649389bc3","0xfefd05076a394f80c3e2bc10d8dca57c1584b2b0","","0","0","0","0.068559853882021244","172.369107014937","4065.75","Error(1)","execution reverted","Redeem"
"0x7ca2a50d99a4413a9ebc40da1bed5697d53b0183970335fa7df15c521559f2e2","19418656","1710242387","2024-03-12 11:19:47","0xe8ade8c1054989954c7fbc41d3df9c6649389bc3","0xfefd05076a394f80c3e2bc10d8dca57c1584b2b0","","0","0","0","0.058413374313105714","146.859431547296","3979.43","Error(1)","execution reverted","Redeem"
"0x6251fbbf5e2aa097cd7d333d6d7196c484bbfd0ab117050fe209160e22c2bb8a","19418666","1710242507","2024-03-12 11:21:47","0xe8ade8c1054989954c7fbc41d3df9c6649389bc3","0xfefd05076a394f80c3e2bc10d8dca57c1584b2b0","","0","0","0","0.0473801285453604","119.120301243208","3979.43","Error(1)","execution reverted","Redeem"
"0x90a6b60b1a67dcf5cc9082cdddcbd72f11fb205d3280bc321ce1fd35af6ab565","19418667","1710242519","2024-03-12 11:21:59","0xe8ade8c1054989954c7fbc41d3df9c6649389bc3","0xfefd05076a394f80c3e2bc10d8dca57c1584b2b0","","0","0","0","0.040179972962837904","101.018098308766","3979.43","Error(1)","execution reverted","Redeem"
"0x360159667e46ef6bafc88837b45ae833715d7367450e6cf9689113aeecf32bbd","19420468","1710264239","2024-03-12 17:23:59","0xe8ade8c1054989954c7fbc41d3df9c6649389bc3","0xfefd05076a394f80c3e2bc10d8dca57c1584b2b0","","0","0","0","0.159432687461768336","400.836180515593","3979.43","Error(1)","execution reverted","Redeem"
"0x7740d266585b7460ba9080730882c4609d797fbe06586692707bef4055f44bcb","19431471","1710397715","2024-03-14 06:28:35","0xe8ade8c1054989954c7fbc41d3df9c6649389bc3","0xfefd05076a394f80c3e2bc10d8dca57c1584b2b0","","0","0","0","0.037906349427630352","95.301889240902","3880.80","Error(1)","execution reverted","Redeem"
"0x4adc217c66a819e5dcefc2fa8e6a1cbfd949937dff80bfa073b1d4b3194ab74c","19433808","1710426131","2024-03-14 14:22:11","0xe8ade8c1054989954c7fbc41d3df9c6649389bc3","0xfefd05076a394f80c3e2bc10d8dca57c1584b2b0","","0","0","0","0.072998652338164182","183.528870094673","3880.80","Error(1)","execution reverted","Redeem"
"0xcb9a231b60cfc3f57909d5d32395ffd9fcbbc2406f97e72a222b89254e806e09","19434451","1710434015","2024-03-14 16:33:35","0xe8ade8c1054989954c7fbc41d3df9c6649389bc3","0xfefd05076a394f80c3e2bc10d8dca57c1584b2b0","","0","0","0","0.053720530310695635","135.060962264561","3880.80","Error(1)","execution reverted","Redeem"
"0x34942abac2d227cff019d06902d955c8eeec157d4b38204d403bb9116ee521ab","19437681","1710473399","2024-03-15 03:29:59","0xe8ade8c1054989954c7fbc41d3df9c6649389bc3","0xfefd05076a394f80c3e2bc10d8dca57c1584b2b0","","0","0","0","0.05072608540729986","127.532506983837","3742.44","Error(1)","execution reverted","Redeem"
"0x2c332e19f038864ed4d0ea08e2e13352bacc3d669decd8ba26937101cdcf7b46","19438145","1710479027","2024-03-15 05:03:47","0xe8ade8c1054989954c7fbc41d3df9c6649389bc3","0xfefd05076a394f80c3e2bc10d8dca57c1584b2b0","","0","0","0","0.038358269438037115","96.4380796530059","3742.44","Error(1)","execution reverted","Redeem"
"0x24e1d79420914e77f59f6ade70ad58447266a30124f6f3051edb75475954ffa2","19438555","1710484019","2024-03-15 06:26:59","0xe8ade8c1054989954c7fbc41d3df9c6649389bc3","0xfefd05076a394f80c3e2bc10d8dca57c1584b2b0","","0","0","0","0.034867216366368388","87.6610816515108","3742.44","Error(1)","execution reverted","Redeem"
"0x599b7f2c641da44b998c7c6cf2c67640d2d82a85b083b956b974fd949c84f871","19438560","1710484079","2024-03-15 06:27:59","0xe8ade8c1054989954c7fbc41d3df9c6649389bc3","0xfefd05076a394f80c3e2bc10d8dca57c1584b2b0","","0","0","0","0.0378124036461386","95.0656963445254","3742.44","Error(1)","execution reverted","Redeem"
"0xba9088b0aaf07a5043d6cddc36b21cd9b45b58cd750ce276cf3db356f246e4ea","19450680","1710631307","2024-03-16 23:21:47","0xe8ade8c1054989954c7fbc41d3df9c6649389bc3","0xfefd05076a394f80c3e2bc10d8dca57c1584b2b0","","0","0","0","0.025928879080951259","65.1888456584629","3520.08","Error(1)","execution reverted","Redeem"
"0xcd2b1b20289c358be39c19e5176afbec0833be81bb01acedfb7a70cb04cdd86a","19450891","1710633875","2024-03-17 00:04:35","0xe8ade8c1054989954c7fbc41d3df9c6649389bc3","0xfefd05076a394f80c3e2bc10d8dca57c1584b2b0","","0","0","0","0.031428027277906952","79.0144769919716","3641.61","Error(1)","execution reverted","Redeem"
"0x011764ed70b29664b4e31e95ae24e068bb14180eb7010ef5ae87ae42c199211d","19453515","1710665723","2024-03-17 08:55:23","0xe8ade8c1054989954c7fbc41d3df9c6649389bc3","0xfefd05076a394f80c3e2bc10d8dca57c1584b2b0","","0","0","0","0.022682535758232168","57.0270823536007","3641.61","Error(1)","execution reverted","Redeem"
"0xdf2f016f0abafe0e0f9108f9bd83736e5987c2a51fea68fa736cc03c646b2ebe","19472655","1710898211","2024-03-20 01:30:11","0xe8ade8c1054989954c7fbc41d3df9c6649389bc3","0xfefd05076a394f80c3e2bc10d8dca57c1584b2b0","","0","0","0","0.023304639482551153","58.5911385375018","3516.66","Error(1)","execution reverted","Redeem"
"0x9e6aa83ec732a9f3358742e40c063954dff8be49ffcdd8251b843026989bdeca","19473132","1710904007","2024-03-20 03:06:47","0xe8ade8c1054989954c7fbc41d3df9c6649389bc3","0xfefd05076a394f80c3e2bc10d8dca57c1584b2b0","","0","0","0","0.02462356448990196","61.9071013475734","3516.66","Error(1)","execution reverted","Redeem"
"0xc4c7ffbfefd740610c150aa75dc4f1e752bfb5a6e30dbc2e23119bd01c47a877","19473443","1710907775","2024-03-20 04:09:35","0xe8ade8c1054989954c7fbc41d3df9c6649389bc3","0xfefd05076a394f80c3e2bc10d8dca57c1584b2b0","","0","0","0","0.02332616777178013","58.6452636818807","3516.66","Error(1)","execution reverted","Redeem"
"0x91c2b75709c5b1a57a4e41bb58387ef4d6c19e21542eed533fc0d9421c20c056","19473581","1710909455","2024-03-20 04:37:35","0xe8ade8c1054989954c7fbc41d3df9c6649389bc3","0xfefd05076a394f80c3e2bc10d8dca57c1584b2b0","","0","0","0","0.022668301942076952","56.9912965395832","3516.66","Error(1)","execution reverted","Redeem"
"0x5d928666c31031877e8979eadd525f06f2d875cda6b1b7c7dd907e0e79fcd81e","19477194","1710953243","2024-03-20 16:47:23","0xe8ade8c1054989954c7fbc41d3df9c6649389bc3","0xfefd05076a394f80c3e2bc10d8dca57c1584b2b0","","0","0","0","0.048928045535715376","123.011982077591","3516.66","Error(1)","execution reverted","Redeem"
"0x6d9194445a85741bfe31109200f89605252eef590b0f5b6e89ff97310e4eb30d","19481755","1711008539","2024-03-21 08:08:59","0xe8ade8c1054989954c7fbc41d3df9c6649389bc3","0xfefd05076a394f80c3e2bc10d8dca57c1584b2b0","","0","0","0","0.02023087475746316","50.8632620786465","3492.08","Error(1)","execution reverted","Redeem"
"0x4c6e49bfbef9ce838fd8620c4abbc361289ee953c663d68f58efe5af4cf08ee0","19481756","1711008551","2024-03-21 08:09:11","0xe8ade8c1054989954c7fbc41d3df9c6649389bc3","0xfefd05076a394f80c3e2bc10d8dca57c1584b2b0","","0","0","0","0.015608674878368864","39.2424020491743","3492.08","Error(1)","execution reverted","Redeem"
"0x4f3534d2a9372b8b8b6101e4b4743cfb6a5e7cf4587c91a8edffc6ad530baf32","19481945","1711010831","2024-03-21 08:47:11","0xe8ade8c1054989954c7fbc41d3df9c6649389bc3","0xfefd05076a394f80c3e2bc10d8dca57c1584b2b0","","0","0","0","0.02135376446432355","53.6863645954759","3492.08","Error(1)","execution reverted","Redeem"
"0xebe9691bb6927fe09332f0768609b419871c597b203971ff7c4f1c6b25032927","19487501","1711078247","2024-03-22 03:30:47","0xe8ade8c1054989954c7fbc41d3df9c6649389bc3","0xfefd05076a394f80c3e2bc10d8dca57c1584b2b0","","0","0","0","0.017926854061952964","45.0706302782282","3337.08","Error(1)","execution reverted","Redeem"
"0xae11294f80a0f72a60568c2ae81adc7a106ed58c535b72fdf454aefc729fbfa9","19490637","1711116215","2024-03-22 14:03:35","0xe8ade8c1054989954c7fbc41d3df9c6649389bc3","0xfefd05076a394f80c3e2bc10d8dca57c1584b2b0","","0","0","0","0.030431561084292624","76.509220953074","3337.08","Error(1)","execution reverted","Redeem"
"0x630d681efaf1871c8b5fed4dc61e9974ca874985fa8f92c6a1712999cec5fa30","19490972","1711120259","2024-03-22 15:10:59","0xe8ade8c1054989954c7fbc41d3df9c6649389bc3","0xfefd05076a394f80c3e2bc10d8dca57c1584b2b0","","0","0","0","0.02907956526290515","73.1101134692467","3337.08","Error(1)","execution reverted","Redeem"
"0x2ee69126f625faf8421bf1536c03adaf2e54d3fee535882807f81102c2be2f93","19493140","1711146551","2024-03-22 22:29:11","0xe8ade8c1054989954c7fbc41d3df9c6649389bc3","0xfefd05076a394f80c3e2bc10d8dca57c1584b2b0","","0","0","0","0.019404273380095286","48.7850700580013","3337.08","Error(1)","execution reverted","Redeem"
"0x612f061be59fcf03cb59dca968c5409e87aaa8d7432d44c7f5e273df8717dcb9","19497908","1711204271","2024-03-23 14:31:11","0xe8ade8c1054989954c7fbc41d3df9c6649389bc3","0xfefd05076a394f80c3e2bc10d8dca57c1584b2b0","","0","0","0","0.02851130543958788","71.681428418864","3330.49","Error(1)","execution reverted","Redeem"
"0xfce128cf78caec0448fd6a9d34c2c133dae5eaeb8b072fbcc5f6d449a63b47a1","19512056","1711376507","2024-03-25 14:21:47","0xe8ade8c1054989954c7fbc41d3df9c6649389bc3","0xfefd05076a394f80c3e2bc10d8dca57c1584b2b0","","0","0","0","0.040843339270582926","102.685894425814","3590.96","Error(1)","execution reverted","Redeem"
"0x0f8ad422067ee7755d195bce9f6dc1fe04fe4ac099315044891934fd22950429","19512721","1711384739","2024-03-25 16:38:59","0xe8ade8c1054989954c7fbc41d3df9c6649389bc3","0xfefd05076a394f80c3e2bc10d8dca57c1584b2b0","","0","0","0","0.030444690400607784","76.542229899284","3590.96","Error(1)","execution reverted","Redeem"
"0x39879d00332140652d0d5ddc25f1df45a12f99d97ff487d80256a83adf2d09ac","19647551","1713022211","2024-04-13 15:30:11","0xe8ade8c1054989954c7fbc41d3df9c6649389bc3","0xfefd05076a394f80c3e2bc10d8dca57c1584b2b0","","0","0","0","0.008786466225793614","22.0904108075135","3011.51","Error(1)","execution reverted","Redeem"
"0x4f26cbdd875a7fe67cf5c9ba1271eaab3e11c55d80fc6838066f8883efa52ba1","19648372","1713032135","2024-04-13 18:15:35","0xe8ade8c1054989954c7fbc41d3df9c6649389bc3","0xfefd05076a394f80c3e2bc10d8dca57c1584b2b0","","0","0","0","0.027918429112610118","70.1908540190511","3011.51","Error(1)","execution reverted","Redeem"
"0xbd86abd7e88074c1608fe3c28f4b21063099efe369197d0e04b7fbd411480f13","19651725","1713072923","2024-04-14 05:35:23","0xe8ade8c1054989954c7fbc41d3df9c6649389bc3","0xfefd05076a394f80c3e2bc10d8dca57c1584b2b0","","0","0","0","0.007726600825255262","19.4257602532519","3158.26","Error(1)","execution reverted","Redeem"
"0x1d0186135c21a4d785d91271982ed901cbd1aa6b95748671702ded2e0aa65773","19654431","1713105635","2024-04-14 14:40:35","0xe8ade8c1054989954c7fbc41d3df9c6649389bc3","0xfefd05076a394f80c3e2bc10d8dca57c1584b2b0","","0","0","0","0.018591162398363492","46.7407947877195","3158.26","Error(1)","execution reverted","Redeem"
"0x6526249f36ad579579dc2df16b6165e7d47bfaeaa250e718b8f4e8b8f20b8422","19654432","1713105647","2024-04-14 14:40:47","0xe8ade8c1054989954c7fbc41d3df9c6649389bc3","0xfefd05076a394f80c3e2bc10d8dca57c1584b2b0","","0","0","0","0.01180565371863816","29.6810724350575","3158.26","Error(1)","execution reverted","Redeem"
"0x404f61b7297c46fc3100f1da78fb90e901d2e15e691fa8e2e015cdab5b5ea43d","19654433","1713105659","2024-04-14 14:40:59","0xe8ade8c1054989954c7fbc41d3df9c6649389bc3","0xfefd05076a394f80c3e2bc10d8dca57c1584b2b0","","0","0","0","0.01356587083245298","34.1065056132375","3158.26","Error(1)","execution reverted","Redeem"
"0x7d1c82d8f166e3011132c30fec26f3f836a4bca6930a0eefd6c371e7b435c6b5","19655310","1713116267","2024-04-14 17:37:47","0xe8ade8c1054989954c7fbc41d3df9c6649389bc3","0xfefd05076a394f80c3e2bc10d8dca57c1584b2b0","","0","0","0","0.010687475854097364","26.86981615195","3158.26","Error(1)","execution reverted","Redeem"
"0x2bc25edfe9ef52a271b85d32aa41bf9ad4293efb861ec27b8c53604408ce4466","19666578","1713252791","2024-04-16 07:33:11","0xe8ade8c1054989954c7fbc41d3df9c6649389bc3","0xfefd05076a394f80c3e2bc10d8dca57c1584b2b0","","0","0","0","0.008204989313867448","20.6284961390402","3085.42","Error(1)","execution reverted","Redeem"
"0xf45fb25e86c148a9711ddded58e3e820e927eee2c5ac38f15ef5844839e17325","19667860","1713268307","2024-04-16 11:51:47","0xe8ade8c1054989954c7fbc41d3df9c6649389bc3","0xfefd05076a394f80c3e2bc10d8dca57c1584b2b0","","0","0","0","0.010215560208030478","25.6833539019151","3085.42","Error(1)","execution reverted","Redeem"
"0xf9ac6f7f31a8c575e0c027af4c10dd41286d82b5490e0f6fdece2347687a4b08","19809819","1714983731","2024-05-06 08:22:11","0xe8ade8c1054989954c7fbc41d3df9c6649389bc3","0xfefd05076a394f80c3e2bc10d8dca57c1584b2b0","","0","0","0","0.007547227822575312","18.9747913181702","3063.19","Error(1)","execution reverted","Redeem"
"0x30c79f8b9eb635849c5e16113edf7e01003b49cfab315250acc1777d9e45d700","20379026","1721855783","2024-07-24 21:16:23","0xe8ade8c1054989954c7fbc41d3df9c6649389bc3","0xfefd05076a394f80c3e2bc10d8dca57c1584b2b0","","0","0","0","0.004867337030230871","12.2371692752636","3335.15","Error(1)","execution reverted","Redeem"
"0x8599bb7ac01571c179f36f952e623c8e4e6f51c839cb809f482941c197ca6caf","20380190","1721869871","2024-07-25 01:11:11","0xe8ade8c1054989954c7fbc41d3df9c6649389bc3","0xfefd05076a394f80c3e2bc10d8dca57c1584b2b0","","0","0","0","0.00921855524955288","23.1767433324414","3174.48","Error(1)","execution reverted","Redeem"
"0x09e3cdb3c3dafc5921f2e4eb72df3c823b82f08e00e118e4b8f1489669311a11","20385610","1721935187","2024-07-25 19:19:47","0xe8ade8c1054989954c7fbc41d3df9c6649389bc3","0xfefd05076a394f80c3e2bc10d8dca57c1584b2b0","","0","0","0","0.004992236428414015","12.5511839137513","3174.48","Error(1)","execution reverted","Redeem"
"0x39c567fe212f16a2e7e1170429c67148d878e55c315dd1e61b10328db8297109","20387327","1721955983","2024-07-26 01:06:23","0xe8ade8c1054989954c7fbc41d3df9c6649389bc3","0xfefd05076a394f80c3e2bc10d8dca57c1584b2b0","","0","0","0","0.001885632556193136","4.74074522429133","3274.89","Error(1)","execution reverted","Redeem"
"0xf17c91b2da21b2f7db3caba58243584a4187c3b7edb44de0f446094eafdab50e","20387329","1721956007","2024-07-26 01:06:47","0xe8ade8c1054989954c7fbc41d3df9c6649389bc3","0xfefd05076a394f80c3e2bc10d8dca57c1584b2b0","","0","0","0","0.00207786670495692","5.22404888793697","3274.89","Error(1)","execution reverted","Redeem"
"0x09bc10ce83763fb3627275011b8c1f4e0d252e983aba0875754d3543ba8de1f1","20387865","1721962487","2024-07-26 02:54:47","0xe8ade8c1054989954c7fbc41d3df9c6649389bc3","0xfefd05076a394f80c3e2bc10d8dca57c1584b2b0","","0","0","0","0.003115688683059298","7.83327918054839","3274.89","Error(1)","execution reverted","Redeem"
"0xdfed50ef031f7506fd642e11fa4f55c8780d8a5301ddc2a64edf258dcc43bf1a","20391249","1722003239","2024-07-26 14:13:59","0xe8ade8c1054989954c7fbc41d3df9c6649389bc3","0xfefd05076a394f80c3e2bc10d8dca57c1584b2b0","","0","0","0","0.005812385513189346","14.6131539641121","3274.89","Error(1)","execution reverted","Redeem"
"0x46023a94d3029f01c88d6a83c7b939a8af63cfe0da24a9594b0c012c961e3b87","20398116","1722086075","2024-07-27 13:14:35","0xe8ade8c1054989954c7fbc41d3df9c6649389bc3","0xfefd05076a394f80c3e2bc10d8dca57c1584b2b0","","0","0","0","0.00182920546246326","4.59887958125184","3249.36","Error(1)","execution reverted","Redeem"
"0x71f00a0ff3a5dc0edd3a4ee6ff36f19fc6134e2ab26c84c2144cabc4ee884e53","20398118","1722086099","2024-07-27 13:14:59","0xe8ade8c1054989954c7fbc41d3df9c6649389bc3","0xfefd05076a394f80c3e2bc10d8dca57c1584b2b0","","0","0","0","0.002692732281931158","6.76990735227459","3249.36","Error(1)","execution reverted","Redeem"
"0x858f92f6ec07c0f9c4bc7ab49a76b13e189498ac61603fa01093e32d39164ced","20408583","1722212231","2024-07-29 00:17:11","0xe8ade8c1054989954c7fbc41d3df9c6649389bc3","0xfefd05076a394f80c3e2bc10d8dca57c1584b2b0","","0","0","0","0.00136388991692012","3.42901091141105","3317.94","Error(1)","execution reverted","Redeem"
"0xebf3acaa76173420a8e65fc19d1919a8cb8f2621ac12fcd1fe2ce69272532a9c","20408584","1722212243","2024-07-29 00:17:23","0xe8ade8c1054989954c7fbc41d3df9c6649389bc3","0xfefd05076a394f80c3e2bc10d8dca57c1584b2b0","","0","0","0","0.001452293293118211","3.65126942203437","3317.94","Error(1)","execution reverted","Redeem"
"0x91b94d655a5c1b4d1fd7fdb32aa98bb9182d053e30d203daeb9cac999d24a254","20408585","1722212255","2024-07-29 00:17:35","0xe8ade8c1054989954c7fbc41d3df9c6649389bc3","0xfefd05076a394f80c3e2bc10d8dca57c1584b2b0","","0","0","0","0.001686390721525683","4.23982325353065","3317.94","Error(1)","execution reverted","Redeem"
"0xf830686de8af09ad0a1e9a8ab1e667f155ce751725d4060ebba5f9fdf1f96803","20419442","1722343367","2024-07-30 12:42:47","0xe8ade8c1054989954c7fbc41d3df9c6649389bc3","0xfefd05076a394f80c3e2bc10d8dca57c1584b2b0","","0","0","0","0.011733326153616534","29.499230772781","3278.41","Error(1)","execution reverted","Redeem"
"0x2f1446e1c695700756269d54f31912ba8b805e15341f26051f8a7f54322e4923","20424565","1722405167","2024-07-31 05:52:47","0xe8ade8c1054989954c7fbc41d3df9c6649389bc3","0xfefd05076a394f80c3e2bc10d8dca57c1584b2b0","","0","0","0","0.003090171358076016","7.76912503972499","3231.84","Error(1)","execution reverted","Redeem"
"0x68024dafbe3087ba8a650bb51f00cb787b0314e5ae462fcd86d0da50c9edbbde","20429567","1722465515","2024-07-31 22:38:35","0xe8ade8c1054989954c7fbc41d3df9c6649389bc3","0xfefd05076a394f80c3e2bc10d8dca57c1584b2b0","","0","0","0","0.003793391926140224","9.53712036772482","3231.84","Error(1)","execution reverted","Redeem"
"0xb2df33cec57b83ec98e34c86ab210bd7d3d013e9036ac3a3eca9978f4c214091","20431691","1722491111","2024-08-01 05:45:11","0xe8ade8c1054989954c7fbc41d3df9c6649389bc3","0xfefd05076a394f80c3e2bc10d8dca57c1584b2b0","","0","0","0","0.00311881420774733","7.84113718882764","3200.67","Error(1)","execution reverted","Redeem"
"0xa22a638f68b8dc0164c188ae144b2294ff4842b2b84727b4572df8da1e3d3fc0","20443490","1722633503","2024-08-02 21:18:23","0xe8ade8c1054989954c7fbc41d3df9c6649389bc3","0xfefd05076a394f80c3e2bc10d8dca57c1584b2b0","","0","0","0","0.004204516317272656","10.5707448601793","2985.72","Error(1)","execution reverted","Redeem"
"0x5a4cde57b66a00d6dc4e186de319007c7662cfb2cb171e0a942d7e26e63aa8dc","20449337","1722704015","2024-08-03 16:53:35","0xe8ade8c1054989954c7fbc41d3df9c6649389bc3","0xfefd05076a394f80c3e2bc10d8dca57c1584b2b0","","0","0","0","0.005717719095582846","14.3751492872758","2902.09","Error(1)","execution reverted","Redeem"
"0xb8b413f9b7e7f65231f660e9c7b6321400f7a5b9569fe24fb94b067930721daa","20450789","1722721523","2024-08-03 21:45:23","0xe8ade8c1054989954c7fbc41d3df9c6649389bc3","0xfefd05076a394f80c3e2bc10d8dca57c1584b2b0","","0","0","0","0.001587541378487974","3.99130211435577","2902.09","Error(1)","execution reverted","Redeem"
"0x4a526f42c60b8e5c42e58cf06c5b0863cbeaf98bf6068d29e400dd235980e32a","20458720","1722816995","2024-08-05 00:16:35","0xe8ade8c1054989954c7fbc41d3df9c6649389bc3","0xfefd05076a394f80c3e2bc10d8dca57c1584b2b0","","0","0","0","0.005582470124730564","14.0351143687269","2420.39","Error(1)","execution reverted","Redeem"
"0x65de7a45612ba5211f2f24c8f5dafea073020dc98883625a1f0283193861876f","20458721","1722817007","2024-08-05 00:16:47","0xe8ade8c1054989954c7fbc41d3df9c6649389bc3","0xfefd05076a394f80c3e2bc10d8dca57c1584b2b0","","0","0","0","0.00463493166576024","11.6528695302814","2420.39","Error(1)","execution reverted","Redeem"
"0x778c45fb74098b846f49a665de99c8b03597d7d3f88e2322efba4c8565e3e8ab","20460879","1722842975","2024-08-05 07:29:35","0xe8ade8c1054989954c7fbc41d3df9c6649389bc3","0xfefd05076a394f80c3e2bc10d8dca57c1584b2b0","","0","0","0","0.064865317306436727","163.080522890132","2420.39","Error(1)","execution reverted","Redeem"
"0x9c64f0ffdb6f7ff9853d3afbbd94a2c3752e0da020172a102a9cf46d98883c75","20460884","1722843035","2024-08-05 07:30:35","0xe8ade8c1054989954c7fbc41d3df9c6649389bc3","0xfefd05076a394f80c3e2bc10d8dca57c1584b2b0","","0","0","0","0.041255704147504275","103.722637673861","2420.39","Error(1)","execution reverted","Redeem"
"0xa4e33044250b380e3e943705fe98538ef984d1f85297425401a2159efd6c5b37","20460897","1722843191","2024-08-05 07:33:11","0xe8ade8c1054989954c7fbc41d3df9c6649389bc3","0xfefd05076a394f80c3e2bc10d8dca57c1584b2b0","","0","0","0","0.062705240763231744","157.649786916323","2420.39","Error(1)","execution reverted","Redeem"
"0x9070d00c1f31cefca89b9bb2a70cc2d94d756bd8e3ab85ab6e12f24992b235e3","20460910","1722843347","2024-08-05 07:35:47","0xe8ade8c1054989954c7fbc41d3df9c6649389bc3","0xfefd05076a394f80c3e2bc10d8dca57c1584b2b0","","0","0","0","0.07587747215394984","190.766627656959","2420.39","Error(1)","execution reverted","Redeem"
"0x8d9e4c140d00b7aef5d11fe41da6801cb08fc8d37284f3a8befe788081f0d66e","20460911","1722843359","2024-08-05 07:35:59","0xe8ade8c1054989954c7fbc41d3df9c6649389bc3","0xfefd05076a394f80c3e2bc10d8dca57c1584b2b0","","0","0","0","0.065146315069691232","163.786990754091","2420.39","Error(1)","execution reverted","Redeem"
"0x03e0e7507715023c1bb3484015559e089a10e9380447b8153b5f2379addc14b1","20461419","1722849479","2024-08-05 09:17:59","0xe8ade8c1054989954c7fbc41d3df9c6649389bc3","0xfefd05076a394f80c3e2bc10d8dca57c1584b2b0","","0","0","0","0.018605847610417921","46.7777154744599","2420.39","Error(1)","execution reverted","Redeem"
"0x87fd6902d00ca9e71c62972d620754db73a3d165d13e0d7547ce8972fbe5d951","20461840","1722854579","2024-08-05 10:42:59","0xe8ade8c1054989954c7fbc41d3df9c6649389bc3","0xfefd05076a394f80c3e2bc10d8dca57c1584b2b0","","0","0","0","0.021456220732304128","53.9439540508193","2420.39","Error(1)","execution reverted","Redeem"
"0x18cb1c50abb0c136f194d943fa67917367bb590821ce9314f1a530b0b80da9e3","20461843","1722854615","2024-08-05 10:43:35","0xe8ade8c1054989954c7fbc41d3df9c6649389bc3","0xfefd05076a394f80c3e2bc10d8dca57c1584b2b0","","0","0","0","0.02693355339882352","67.7147380751895","2420.39","Error(1)","execution reverted","Redeem"
"0xe0fab3a68a252d10657bac438fca76fa5f6c014d220cd64ab2a45db022ca91fc","20461844","1722854627","2024-08-05 10:43:47","0xe8ade8c1054989954c7fbc41d3df9c6649389bc3","0xfefd05076a394f80c3e2bc10d8dca57c1584b2b0","","0","0","0","0.031224102173287478","78.5017806224363","2420.39","Error(1)","execution reverted","Redeem"
"0x522c2dd6f086db682bf103f999cc2795e582d6f8ee3a98fac4cbb262c1e9a5b3","20461845","1722854639","2024-08-05 10:43:59","0xe8ade8c1054989954c7fbc41d3df9c6649389bc3","0xfefd05076a394f80c3e2bc10d8dca57c1584b2b0","","0","0","0","0.027247376577476654","68.5037336462436","2420.39","Error(1)","execution reverted","Redeem"
"0x392edd878bba3abe6ae2ca13884e148ff0ad019eb9a61f82c18c93a2339bd93e","20462681","1722864707","2024-08-05 13:31:47","0xe8ade8c1054989954c7fbc41d3df9c6649389bc3","0xfefd05076a394f80c3e2bc10d8dca57c1584b2b0","","0","0","0","0.053444272346303315","134.366410921","2420.39","Error(1)","execution reverted","Redeem"
"0x082de550ba7143d5c610db578139f4add7a96a23260286e0e951d38d45ecc786","20470042","1722953471","2024-08-06 14:11:11","0xe8ade8c1054989954c7fbc41d3df9c6649389bc3","0xfefd05076a394f80c3e2bc10d8dca57c1584b2b0","","0","0","0","0.008619144678216554","21.6697409240881","2462.39","Error(1)","execution reverted","Redeem"
"0x2bbbd969bd6ec1b997bae888118d8c07a9d360159667e2c7377bbb9cae56b687","20477012","1723037519","2024-08-07 13:31:59","0xe8ade8c1054989954c7fbc41d3df9c6649389bc3","0xfefd05076a394f80c3e2bc10d8dca57c1584b2b0","","0","0","0","0.004570574177821924","11.4910657617853","2343.50","Error(1)","execution reverted","Redeem"
"0x6741089cfd3d358b60ba7d22272582c3acd4ca4d633904b147c8006c4211ef9d","20477716","1723046015","2024-08-07 15:53:35","0xe8ade8c1054989954c7fbc41d3df9c6649389bc3","0xfefd05076a394f80c3e2bc10d8dca57c1584b2b0","","0","0","0","0.009704464531302954","24.3983875490358","2343.50","Error(1)","execution reverted","Redeem"
"0x48ae18603196b589f6b0e9b1bc66669143f3e74edb25a191a63149a07e7d23b8","20479220","1723064099","2024-08-07 20:54:59","0xe8ade8c1054989954c7fbc41d3df9c6649389bc3","0xfefd05076a394f80c3e2bc10d8dca57c1584b2b0","","0","0","0","0.007237422748971468","18.1958978278532","2343.50","Error(1)","execution reverted","Redeem"
"0x60dfc3ecd1a8df98ca43e3a9b13e76112e6509218ea1b1847f1372d1011e4a89","20480504","1723079591","2024-08-08 01:13:11","0xe8ade8c1054989954c7fbc41d3df9c6649389bc3","0xfefd05076a394f80c3e2bc10d8dca57c1584b2b0","","0","0","0","0.001847873565547226","4.64581381573523","2683.62","Error(1)","execution reverted","Redeem"
"0xec8db92baebb04748b5912be8ba8cbc33c01641f887387eefbd960e371ada748","20480664","1723081511","2024-08-08 01:45:11","0xe8ade8c1054989954c7fbc41d3df9c6649389bc3","0xfefd05076a394f80c3e2bc10d8dca57c1584b2b0","","0","0","0","0.001929536374798032","4.85112559383667","2683.62","Error(1)","execution reverted","Redeem"
"0xbd61a7af0c99b20c6c867f8bf334d84508ab43d2695e2db2ad64e50bbccd121f","20483881","1723120271","2024-08-08 12:31:11","0xe8ade8c1054989954c7fbc41d3df9c6649389bc3","0xfefd05076a394f80c3e2bc10d8dca57c1584b2b0","","0","0","0","0.008806528004966982","22.1408489395316","2683.62","Error(1)","execution reverted","Redeem"
"0x50a71336406054d40be71d21987d70041b38450929323394fe4d13b4e4c7070b","20493866","1723240523","2024-08-09 21:55:23","0xe8ade8c1054989954c7fbc41d3df9c6649389bc3","0xfefd05076a394f80c3e2bc10d8dca57c1584b2b0","","0","0","0","0.003175598046363272","7.98389973864219","2600.21","Error(1)","execution reverted","Redeem"
"0xd979bfa17a5df6d96f061f75e21f592fce14dc243023d238f3290dcda1400f39","20506682","1723395143","2024-08-11 16:52:23","0xe8ade8c1054989954c7fbc41d3df9c6649389bc3","0xfefd05076a394f80c3e2bc10d8dca57c1584b2b0","","0","0","0","0.001197158842970896","3.00982556166214","2555.67","Error(1)","execution reverted","Redeem"
"0xed3d18f99604109cb8bfb2e76209a58b546858c9330a1bc0850f35403094dd25","20507814","1723408775","2024-08-11 20:39:35","0xe8ade8c1054989954c7fbc41d3df9c6649389bc3","0xfefd05076a394f80c3e2bc10d8dca57c1584b2b0","","0","0","0","0.003455519423404034","8.68766141640096","2555.67","Error(1)","execution reverted","Redeem"
"0x43216ae8df27d75d23d1aa4a04a318146b8dc743a57c9fc1438cb7b02e465c55","20511238","1723450043","2024-08-12 08:07:23","0xe8ade8c1054989954c7fbc41d3df9c6649389bc3","0xfefd05076a394f80c3e2bc10d8dca57c1584b2b0","","0","0","0","0.00256244815130079","6.44235473972647","2723.07","Error(1)","execution reverted","Redeem"
"0xd70c80605b31d0d31345b65af74b70c2a2755962518a67a234129884c61fd44c","20513042","1723471871","2024-08-12 14:11:11","0xe8ade8c1054989954c7fbc41d3df9c6649389bc3","0xfefd05076a394f80c3e2bc10d8dca57c1584b2b0","","0","0","0","0.008622080480994816","21.6771219448255","2723.07","Error(1)","execution reverted","Redeem"
"0xa8d5728258f05b7815f968cd1ff826183bdec8302323c34c555942a5225d1128","20513059","1723472075","2024-08-12 14:14:35","0xe8ade8c1054989954c7fbc41d3df9c6649389bc3","0xfefd05076a394f80c3e2bc10d8dca57c1584b2b0","","0","0","0","0.007300623594638748","18.354793635143","2723.07","Error(1)","execution reverted","Redeem"
"0x5a17efe6085bfa421fb816c3ea4dab2f855591937046a45b6bbff2dff84cde0f","20516974","1723519199","2024-08-13 03:19:59","0xe8ade8c1054989954c7fbc41d3df9c6649389bc3","0xfefd05076a394f80c3e2bc10d8dca57c1584b2b0","","0","0","0","0.00184228314349102","4.63175870909333","2703.60","Error(1)","execution reverted","Redeem"
"0x7b78240471e7e28abd47c546c84d8a551da38f5d67d8271e3f0bc14850313776","20533734","1723721303","2024-08-15 11:28:23","0xe8ade8c1054989954c7fbc41d3df9c6649389bc3","0xfefd05076a394f80c3e2bc10d8dca57c1584b2b0","","0","0","0","0.005514747225773516","13.8648494840062","2570.39","Error(1)","execution reverted","Redeem"
"0x2ab54313522cd908e54b535d2a6a7c6cbf5579ae2c9b6afa8c1f1cff2f4be756","20536211","1723751255","2024-08-15 19:47:35","0xe8ade8c1054989954c7fbc41d3df9c6649389bc3","0xfefd05076a394f80c3e2bc10d8dca57c1584b2b0","","0","0","0","0.005734215337127774","14.4166231566497","2570.39","Error(1)","execution reverted","Redeem"
"0x51df1cdab53c1c3e408987499eae9b5b02ec512a5d1e8dbb95eb14b5f664ba69","20542706","1723829567","2024-08-16 17:32:47","0xe8ade8c1054989954c7fbc41d3df9c6649389bc3","0xfefd05076a394f80c3e2bc10d8dca57c1584b2b0","","0","0","0","0.00262561787335296","6.60117229787429","2593.70","Error(1)","execution reverted","Redeem"
"0x5bd91a0bb12c1526fdadc2fed6598f0a133c1e5315dd46160d9ae20436a85aa1","20542707","1723829579","2024-08-16 17:32:59","0xe8ade8c1054989954c7fbc41d3df9c6649389bc3","0xfefd05076a394f80c3e2bc10d8dca57c1584b2b0","","0","0","0","0.002483216964030864","6.243156400988","2593.70","Error(1)","execution reverted","Redeem"
"0x2576a2e8b34ac5b34132c1e15d484a9058b4628bd515f9c79e6888824666bd87","20542709","1723829603","2024-08-16 17:33:23","0xe8ade8c1054989954c7fbc41d3df9c6649389bc3","0xfefd05076a394f80c3e2bc10d8dca57c1584b2b0","","0","0","0","0.002598510813982426","6.53302134140434","2593.70","Error(1)","execution reverted","Redeem"
"0x25ad8336e80ece68925ebf458844c4038a89de24f490ec58340243301fb390f7","20577436","1724248607","2024-08-21 13:56:47","0xe8ade8c1054989954c7fbc41d3df9c6649389bc3","0xfefd05076a394f80c3e2bc10d8dca57c1584b2b0","","0","0","0","0.01021630992786668","25.6852388029375","2631.39","Error(1)","execution reverted","Redeem"
"0x917e2cac55c74c8fc31e4570027644c152729baf31b9bfcaa50f15512a049c14","20577440","1724248655","2024-08-21 13:57:35","0xe8ade8c1054989954c7fbc41d3df9c6649389bc3","0xfefd05076a394f80c3e2bc10d8dca57c1584b2b0","","0","0","0","0.009961799561365124","25.0453639765499","2631.39","Error(1)","execution reverted","Redeem"
"0x8870ebca34671a0cc9c0c63770f0e782f2ea6b14afd4de927bd4b2411e113874","20577441","1724248667","2024-08-21 13:57:47","0xe8ade8c1054989954c7fbc41d3df9c6649389bc3","0xfefd05076a394f80c3e2bc10d8dca57c1584b2b0","","0","0","0","0.010438087429238574","26.2428186066118","2631.39","Error(1)","execution reverted","Redeem"
"0x18f53fd48224730aea18603a0defa8d81f24bdce3a22287294f13912bfa844ff","20643019","1725040499","2024-08-30 17:54:59","0xe8ade8c1054989954c7fbc41d3df9c6649389bc3","0xfefd05076a394f80c3e2bc10d8dca57c1584b2b0","","0","0","0","0.00282420099073981","7.10043816082546","2526.02","Error(1)","execution reverted","Redeem"
"0x9b0e8c0d81323618d9d97556ec6263f7b7a03cc63939de2529407c296bf03759","20643144","1725041999","2024-08-30 18:19:59","0xe8ade8c1054989954c7fbc41d3df9c6649389bc3","0xfefd05076a394f80c3e2bc10d8dca57c1584b2b0","","0","0","0","0.00162503755295424","4.08557276610408","2526.02","Error(1)","execution reverted","Redeem"
"0xa9f26762ea24505f1fb2e231ac2b3beb99d0aabfb3782542c7ad45ed1255159e","20651326","1725140771","2024-08-31 21:46:11","0xe8ade8c1054989954c7fbc41d3df9c6649389bc3","0xfefd05076a394f80c3e2bc10d8dca57c1584b2b0","","0","0","0","0.001185105283867194","2.97952122025219","2513.01","Error(1)","execution reverted","Redeem"
"0xf65b3300a9f1e7fd77c1038f69b11567a39fed194aaf2f62e6dc3342555f266f","20660855","1725255635","2024-09-02 05:40:35","0xe8ade8c1054989954c7fbc41d3df9c6649389bc3","0xfefd05076a394f80c3e2bc10d8dca57c1584b2b0","","0","0","0","0.000996286245813804","2.50480362484003","2538.22","Error(1)","execution reverted","Redeem"
